slop / review	UNKNOWN STEP	﻿2026-08-23T19:19:35.7318132Z Current runner version: '2.336.0'
slop / review	UNKNOWN STEP	2026-08-23T19:19:35.7352254Z ##[group]Runner Image Provisioner
slop / review	UNKNOWN STEP	2026-08-23T19:19:35.7353557Z Hosted Compute Agent
slop / review	UNKNOWN STEP	2026-08-23T19:19:35.7354677Z Version: 20260729.566
slop / review	UNKNOWN STEP	2026-08-23T19:19:35.7355761Z Commit: cf7153fe6e25b664e8693c24944bf2b00355d109
slop / review	UNKNOWN STEP	2026-08-23T19:19:35.7357344Z Build Date: 2026-07-29T19:17:02Z
slop / review	UNKNOWN STEP	2026-08-23T19:19:35.7358585Z Worker ID: {20d3732e-1ef2-4196-8ede-d371da860af1}
slop / review	UNKNOWN STEP	2026-08-23T19:19:35.7359780Z Azure Region: eastus
slop / review	UNKNOWN STEP	2026-08-23T19:19:35.7360804Z ##[endgroup]
slop / review	UNKNOWN STEP	2026-08-23T19:19:35.7363091Z ##[group]Operating System
slop / review	UNKNOWN STEP	2026-08-23T19:19:35.7364193Z Ubuntu
slop / review	UNKNOWN STEP	2026-08-23T19:19:35.7365140Z 24.04.4
slop / review	UNKNOWN STEP	2026-08-23T19:19:35.7366435Z LTS
slop / review	UNKNOWN STEP	2026-08-23T19:19:35.7367336Z ##[endgroup]
slop / review	UNKNOWN STEP	2026-08-23T19:19:35.7368214Z ##[group]Runner Image
slop / review	UNKNOWN STEP	2026-08-23T19:19:35.7369326Z Image: ubuntu-24.04
slop / review	UNKNOWN STEP	2026-08-23T19:19:35.7370355Z Version: 20260816.277.1
slop / review	UNKNOWN STEP	2026-08-23T19:19:35.7372590Z Included Software: https://github.com/actions/runner-images/blob/ubuntu24/20260816.277/images/ubuntu/Ubuntu2404-Readme.md
slop / review	UNKNOWN STEP	2026-08-23T19:19:35.7375214Z Image Release: https://github.com/actions/runner-images/releases/tag/ubuntu24%2F20260816.277
slop / review	UNKNOWN STEP	2026-08-23T19:19:35.7377343Z ##[endgroup]
slop / review	UNKNOWN STEP	2026-08-23T19:19:35.7379890Z ##[group]GITHUB_TOKEN Permissions
slop / review	UNKNOWN STEP	2026-08-23T19:19:35.7382739Z Actions: read
slop / review	UNKNOWN STEP	2026-08-23T19:19:35.7383697Z Contents: read
slop / review	UNKNOWN STEP	2026-08-23T19:19:35.7384821Z Issues: write
slop / review	UNKNOWN STEP	2026-08-23T19:19:35.7385763Z Metadata: read
slop / review	UNKNOWN STEP	2026-08-23T19:19:35.7387059Z PullRequests: write
slop / review	UNKNOWN STEP	2026-08-23T19:19:35.7388059Z SecurityEvents: write
slop / review	UNKNOWN STEP	2026-08-23T19:19:35.7388986Z ##[endgroup]
slop / review	UNKNOWN STEP	2026-08-23T19:19:35.7392367Z Secret source: Actions
slop / review	UNKNOWN STEP	2026-08-23T19:19:35.7394111Z Prepare workflow directory
slop / review	UNKNOWN STEP	2026-08-23T19:19:35.8174941Z Prepare all required actions
slop / review	UNKNOWN STEP	2026-08-23T19:19:35.8247200Z Getting action download info
slop / review	UNKNOWN STEP	2026-08-23T19:19:36.0115547Z Download action repository 'actions/checkout@v4' (SHA:11d5960a326750d5838078e36cf38b85af677262)
slop / review	UNKNOWN STEP	2026-08-23T19:19:36.1461588Z Download action repository 'actions/setup-python@v5' (SHA:a26af69be951a213d495a4c3e4e4022e16d87065)
slop / review	UNKNOWN STEP	2026-08-23T19:19:36.2344804Z Download action repository 'extractions/setup-just@v4' (SHA:53165ef7e734c5c07cb06b3c8e7b647c5aa16db3)
slop / review	UNKNOWN STEP	2026-08-23T19:19:36.3209291Z Download action repository 'actions/upload-artifact@v4' (SHA:ea165f8d65b6e75b540449e92b4886f43607fa02)
slop / review	UNKNOWN STEP	2026-08-23T19:19:36.4259109Z Download action repository 'github/codeql-action@v4' (SHA:db488ddef3bf6cb639b32c2e9a7c0a7ea8271d28)
slop / review	UNKNOWN STEP	2026-08-23T19:19:36.7342841Z Getting action download info
slop / review	UNKNOWN STEP	2026-08-23T19:19:36.8023237Z Download action repository 'extractions/setup-crate@0551596312d4008a6dfbc4d3c38fa20eaef46d2d' (SHA:0551596312d4008a6dfbc4d3c38fa20eaef46d2d)
slop / review	UNKNOWN STEP	2026-08-23T19:19:36.9284511Z Uses: dzackgarza/ai-review-ci/.github/workflows/_review.yml@refs/heads/main (c63800d106abab8e664daab4121d6d62a5bc6e71)
slop / review	UNKNOWN STEP	2026-08-23T19:19:36.9289661Z ##[group] Inputs
slop / review	UNKNOWN STEP	2026-08-23T19:19:36.9290244Z   report_type: slop
slop / review	UNKNOWN STEP	2026-08-23T19:19:36.9290747Z   scope: diff
slop / review	UNKNOWN STEP	2026-08-23T19:19:36.9291216Z   infra_ref: main
slop / review	UNKNOWN STEP	2026-08-23T19:19:36.9292414Z   advisory: false
slop / review	UNKNOWN STEP	2026-08-23T19:19:36.9292959Z   policy_paths: 
slop / review	UNKNOWN STEP	2026-08-23T19:19:36.9293450Z   focus_prompt: 
slop / review	UNKNOWN STEP	2026-08-23T19:19:36.9293921Z   context_archive: 
slop / review	UNKNOWN STEP	2026-08-23T19:19:36.9294400Z   delivery: sarif
slop / review	UNKNOWN STEP	2026-08-23T19:19:36.9295418Z   parent_issue: 0
slop / review	UNKNOWN STEP	2026-08-23T19:19:36.9295934Z ##[endgroup]
slop / review	UNKNOWN STEP	2026-08-23T19:19:36.9296668Z Complete job name: slop / review
slop / review	UNKNOWN STEP	2026-08-23T19:19:37.0115934Z Node 20 is being deprecated. This workflow is running with Node 24 by default. If you need to temporarily use Node 20, you can set the ACTIONS_ALLOW_USE_UNSECURE_NODE_VERSION=true environment variable. For more information see: https://github.blog/changelog/2025-09-19-deprecation-of-node-20-on-github-actions-runners/
slop / review	UNKNOWN STEP	2026-08-23T19:19:37.0125858Z ##[group]Run actions/checkout@v4
slop / review	UNKNOWN STEP	2026-08-23T19:19:37.0127129Z with:
slop / review	UNKNOWN STEP	2026-08-23T19:19:37.0127624Z   fetch-depth: 0
slop / review	UNKNOWN STEP	2026-08-23T19:19:37.0128156Z   repository: dzackgarza/sage-categories
slop / review	UNKNOWN STEP	2026-08-23T19:19:37.0132432Z   token: ***
slop / review	UNKNOWN STEP	2026-08-23T19:19:37.0132919Z   ssh-strict: true
slop / review	UNKNOWN STEP	2026-08-23T19:19:37.0133409Z   ssh-user: git
slop / review	UNKNOWN STEP	2026-08-23T19:19:37.0134229Z   persist-credentials: true
slop / review	UNKNOWN STEP	2026-08-23T19:19:37.0134787Z   clean: true
slop / review	UNKNOWN STEP	2026-08-23T19:19:37.0135289Z   sparse-checkout-cone-mode: true
slop / review	UNKNOWN STEP	2026-08-23T19:19:37.0135862Z   fetch-tags: false
slop / review	UNKNOWN STEP	2026-08-23T19:19:37.0136554Z   show-progress: true
slop / review	UNKNOWN STEP	2026-08-23T19:19:37.0137058Z   lfs: false
slop / review	UNKNOWN STEP	2026-08-23T19:19:37.0137580Z   submodules: false
slop / review	UNKNOWN STEP	2026-08-23T19:19:37.0138117Z   set-safe-directory: true
slop / review	UNKNOWN STEP	2026-08-23T19:19:37.0138678Z   allow-unsafe-pr-checkout: false
slop / review	UNKNOWN STEP	2026-08-23T19:19:37.0139568Z env:
slop / review	UNKNOWN STEP	2026-08-23T19:19:37.0140047Z   REVIEW_REPORT_TYPE: slop
slop / review	UNKNOWN STEP	2026-08-23T19:19:37.0140590Z   REVIEW_SCOPE: diff
slop / review	UNKNOWN STEP	2026-08-23T19:19:37.0141086Z   REVIEW_INFRA_REF: main
slop / review	UNKNOWN STEP	2026-08-23T19:19:37.0141604Z   REVIEW_PR_NUMBER: 3
slop / review	UNKNOWN STEP	2026-08-23T19:19:37.0142113Z   REVIEW_BASE_REF: main
slop / review	UNKNOWN STEP	2026-08-23T19:19:37.0142636Z   REVIEW_POLICY_PATHS: 
slop / review	UNKNOWN STEP	2026-08-23T19:19:37.0143148Z   REVIEW_FOCUS_PROMPT: 
slop / review	UNKNOWN STEP	2026-08-23T19:19:37.0143661Z   REVIEW_CONTEXT_ARCHIVE: 
slop / review	UNKNOWN STEP	2026-08-23T19:19:37.0144193Z   REVIEW_DELIVERY: sarif
slop / review	UNKNOWN STEP	2026-08-23T19:19:37.0144717Z   REVIEW_PARENT_ISSUE: 0
slop / review	UNKNOWN STEP	2026-08-23T19:19:37.0145253Z ##[endgroup]
slop / review	UNKNOWN STEP	2026-08-23T19:19:37.1168917Z Syncing repository: dzackgarza/sage-categories
slop / review	UNKNOWN STEP	2026-08-23T19:19:37.1171760Z ##[group]Getting Git version info
slop / review	UNKNOWN STEP	2026-08-23T19:19:37.1173172Z Working directory is '/home/runner/work/sage-categories/sage-categories'
slop / review	UNKNOWN STEP	2026-08-23T19:19:37.1175176Z [command]/usr/bin/git version
slop / review	UNKNOWN STEP	2026-08-23T19:19:37.1211901Z git version 2.55.0
slop / review	UNKNOWN STEP	2026-08-23T19:19:37.1277592Z ##[endgroup]
slop / review	UNKNOWN STEP	2026-08-23T19:19:37.1292574Z Temporarily overriding HOME='/home/runner/work/_temp/9be27a39-9a6b-4190-9a8e-de21d6df410e' before making global git config changes
slop / review	UNKNOWN STEP	2026-08-23T19:19:37.1295459Z Adding repository directory to the temporary git global config as a safe directory
slop / review	UNKNOWN STEP	2026-08-23T19:19:37.1301008Z [command]/usr/bin/git config --global --add safe.directory /home/runner/work/sage-categories/sage-categories
slop / review	UNKNOWN STEP	2026-08-23T19:19:37.1352584Z Deleting the contents of '/home/runner/work/sage-categories/sage-categories'
slop / review	UNKNOWN STEP	2026-08-23T19:19:37.1355953Z ##[group]Initializing the repository
slop / review	UNKNOWN STEP	2026-08-23T19:19:37.1361398Z [command]/usr/bin/git init /home/runner/work/sage-categories/sage-categories
slop / review	UNKNOWN STEP	2026-08-23T19:19:37.1465586Z hint: Using 'master' as the name for the initial branch. This default branch name
slop / review	UNKNOWN STEP	2026-08-23T19:19:37.1468322Z hint: will change to "main" in Git 3.0. To configure the initial branch name
slop / review	UNKNOWN STEP	2026-08-23T19:19:37.1470495Z hint: to use in all of your new repositories, which will suppress this warning,
slop / review	UNKNOWN STEP	2026-08-23T19:19:37.1471752Z hint: call:
slop / review	UNKNOWN STEP	2026-08-23T19:19:37.1472208Z hint:
slop / review	UNKNOWN STEP	2026-08-23T19:19:37.1473008Z hint: 	git config --global init.defaultBranch <name>
slop / review	UNKNOWN STEP	2026-08-23T19:19:37.1474228Z hint:
slop / review	UNKNOWN STEP	2026-08-23T19:19:37.1474918Z hint: Names commonly chosen instead of 'master' are 'main', 'trunk' and
slop / review	UNKNOWN STEP	2026-08-23T19:19:37.1475951Z hint: 'development'. The just-created branch can be renamed via this command:
slop / review	UNKNOWN STEP	2026-08-23T19:19:37.1477130Z hint:
slop / review	UNKNOWN STEP	2026-08-23T19:19:37.1477598Z hint: 	git branch -m <name>
slop / review	UNKNOWN STEP	2026-08-23T19:19:37.1478404Z hint:
slop / review	UNKNOWN STEP	2026-08-23T19:19:37.1479517Z hint: Disable this message with "git config set advice.defaultBranchName false"
slop / review	UNKNOWN STEP	2026-08-23T19:19:37.1481231Z Initialized empty Git repository in /home/runner/work/sage-categories/sage-categories/.git/
slop / review	UNKNOWN STEP	2026-08-23T19:19:37.1483289Z [command]/usr/bin/git remote add origin https://github.com/dzackgarza/sage-categories
slop / review	UNKNOWN STEP	2026-08-23T19:19:37.1529768Z ##[endgroup]
slop / review	UNKNOWN STEP	2026-08-23T19:19:37.1530757Z ##[group]Disabling automatic garbage collection
slop / review	UNKNOWN STEP	2026-08-23T19:19:37.1534340Z [command]/usr/bin/git config --local gc.auto 0
slop / review	UNKNOWN STEP	2026-08-23T19:19:37.1565470Z ##[endgroup]
slop / review	UNKNOWN STEP	2026-08-23T19:19:37.1566745Z ##[group]Setting up auth
slop / review	UNKNOWN STEP	2026-08-23T19:19:37.1573075Z [command]/usr/bin/git config --local --name-only --get-regexp core\.sshCommand
slop / review	UNKNOWN STEP	2026-08-23T19:19:37.1609193Z [command]/usr/bin/git submodule foreach --recursive sh -c "git config --local --name-only --get-regexp 'core\.sshCommand' && git config --local --unset-all 'core.sshCommand' || :"
slop / review	UNKNOWN STEP	2026-08-23T19:19:37.1982574Z [command]/usr/bin/git config --local --name-only --get-regexp http\.https\:\/\/github\.com\/\.extraheader
slop / review	UNKNOWN STEP	2026-08-23T19:19:37.2026947Z [command]/usr/bin/git submodule foreach --recursive sh -c "git config --local --name-only --get-regexp 'http\.https\:\/\/github\.com\/\.extraheader' && git config --local --unset-all 'http.https://github.com/.extraheader' || :"
slop / review	UNKNOWN STEP	2026-08-23T19:19:37.2262052Z [command]/usr/bin/git config --local --name-only --get-regexp ^includeIf\.gitdir:
slop / review	UNKNOWN STEP	2026-08-23T19:19:37.2298369Z [command]/usr/bin/git submodule foreach --recursive git config --local --show-origin --name-only --get-regexp remote.origin.url
slop / review	UNKNOWN STEP	2026-08-23T19:19:37.2523766Z [command]/usr/bin/git config --local http.https://github.com/.extraheader AUTHORIZATION: basic ***
slop / review	UNKNOWN STEP	2026-08-23T19:19:37.2563035Z ##[endgroup]
slop / review	UNKNOWN STEP	2026-08-23T19:19:37.2563919Z ##[group]Fetching the repository
slop / review	UNKNOWN STEP	2026-08-23T19:19:37.2572833Z [command]/usr/bin/git -c protocol.version=2 fetch --prune --no-recurse-submodules origin +refs/heads/*:refs/remotes/origin/* +refs/tags/*:refs/tags/* +c84f1a080a03c34a537edf92e86331823d39239b:refs/remotes/pull/3/merge
slop / review	UNKNOWN STEP	2026-08-23T19:19:37.6380907Z From https://github.com/dzackgarza/sage-categories
slop / review	UNKNOWN STEP	2026-08-23T19:19:37.6382148Z  * [new branch]      docs/leaf-category-policies              -> origin/docs/leaf-category-policies
slop / review	UNKNOWN STEP	2026-08-23T19:19:37.6383202Z  * [new branch]      main                                     -> origin/main
slop / review	UNKNOWN STEP	2026-08-23T19:19:37.6384101Z  * [new ref]         c84f1a080a03c34a537edf92e86331823d39239b -> pull/3/merge
slop / review	UNKNOWN STEP	2026-08-23T19:19:37.6387776Z ##[endgroup]
slop / review	UNKNOWN STEP	2026-08-23T19:19:37.6388782Z ##[group]Determining the checkout info
slop / review	UNKNOWN STEP	2026-08-23T19:19:37.6389794Z ##[endgroup]
slop / review	UNKNOWN STEP	2026-08-23T19:19:37.6395930Z [command]/usr/bin/git sparse-checkout disable
slop / review	UNKNOWN STEP	2026-08-23T19:19:37.6447725Z [command]/usr/bin/git config --local --unset-all extensions.worktreeConfig
slop / review	UNKNOWN STEP	2026-08-23T19:19:37.6488904Z ##[group]Checking out the ref
slop / review	UNKNOWN STEP	2026-08-23T19:19:37.6493157Z [command]/usr/bin/git checkout --progress --force refs/remotes/pull/3/merge
slop / review	UNKNOWN STEP	2026-08-23T19:19:37.6618520Z Note: switching to 'refs/remotes/pull/3/merge'.
slop / review	UNKNOWN STEP	2026-08-23T19:19:37.6619422Z 
slop / review	UNKNOWN STEP	2026-08-23T19:19:37.6620119Z You are in 'detached HEAD' state. You can look around, make experimental
slop / review	UNKNOWN STEP	2026-08-23T19:19:37.6621857Z changes and commit them, and you can discard any commits you make in this
slop / review	UNKNOWN STEP	2026-08-23T19:19:37.6623579Z state without impacting any branches by switching back to a branch.
slop / review	UNKNOWN STEP	2026-08-23T19:19:37.6624592Z 
slop / review	UNKNOWN STEP	2026-08-23T19:19:37.6625305Z If you want to create a new branch to retain commits you create, you may
slop / review	UNKNOWN STEP	2026-08-23T19:19:37.6627338Z do so (now or later) by using -c with the switch command. Example:
slop / review	UNKNOWN STEP	2026-08-23T19:19:37.6628252Z 
slop / review	UNKNOWN STEP	2026-08-23T19:19:37.6628648Z   git switch -c <new-branch-name>
slop / review	UNKNOWN STEP	2026-08-23T19:19:37.6629271Z 
slop / review	UNKNOWN STEP	2026-08-23T19:19:37.6629634Z Or undo this operation with:
slop / review	UNKNOWN STEP	2026-08-23T19:19:37.6630258Z 
slop / review	UNKNOWN STEP	2026-08-23T19:19:37.6630603Z   git switch -
slop / review	UNKNOWN STEP	2026-08-23T19:19:37.6631061Z 
slop / review	UNKNOWN STEP	2026-08-23T19:19:37.6631786Z Turn off this advice by setting config variable advice.detachedHead to false
slop / review	UNKNOWN STEP	2026-08-23T19:19:37.6632941Z 
slop / review	UNKNOWN STEP	2026-08-23T19:19:37.6634427Z HEAD is now at c84f1a0 Merge 7566eb20b1d996c92d63ac0dee371ddd8aee6e2b into 6d91a14b704135c06906043ae0f83da529d0448f
slop / review	UNKNOWN STEP	2026-08-23T19:19:37.6638914Z ##[endgroup]
slop / review	UNKNOWN STEP	2026-08-23T19:19:37.6675356Z [command]/usr/bin/git log -1 --format=%H
slop / review	UNKNOWN STEP	2026-08-23T19:19:37.6704740Z c84f1a080a03c34a537edf92e86331823d39239b
slop / review	UNKNOWN STEP	2026-08-23T19:19:37.6978088Z ##[group]Run echo "INFRA=$RUNNER_TEMP/ai-review-ci" >> "$GITHUB_ENV"
slop / review	UNKNOWN STEP	2026-08-23T19:19:37.6980667Z ^[[36;1mecho "INFRA=$RUNNER_TEMP/ai-review-ci" >> "$GITHUB_ENV"^[[0m
slop / review	UNKNOWN STEP	2026-08-23T19:19:37.7040041Z shell: /usr/bin/bash -e {0}
slop / review	UNKNOWN STEP	2026-08-23T19:19:37.7040801Z env:
slop / review	UNKNOWN STEP	2026-08-23T19:19:37.7041352Z   REVIEW_REPORT_TYPE: slop
slop / review	UNKNOWN STEP	2026-08-23T19:19:37.7042077Z   REVIEW_SCOPE: diff
slop / review	UNKNOWN STEP	2026-08-23T19:19:37.7042716Z   REVIEW_INFRA_REF: main
slop / review	UNKNOWN STEP	2026-08-23T19:19:37.7043405Z   REVIEW_PR_NUMBER: 3
slop / review	UNKNOWN STEP	2026-08-23T19:19:37.7044039Z   REVIEW_BASE_REF: main
slop / review	UNKNOWN STEP	2026-08-23T19:19:37.7044711Z   REVIEW_POLICY_PATHS: 
slop / review	UNKNOWN STEP	2026-08-23T19:19:37.7045383Z   REVIEW_FOCUS_PROMPT: 
slop / review	UNKNOWN STEP	2026-08-23T19:19:37.7046358Z   REVIEW_CONTEXT_ARCHIVE: 
slop / review	UNKNOWN STEP	2026-08-23T19:19:37.7047096Z   REVIEW_DELIVERY: sarif
slop / review	UNKNOWN STEP	2026-08-23T19:19:37.7047779Z   REVIEW_PARENT_ISSUE: 0
slop / review	UNKNOWN STEP	2026-08-23T19:19:37.7048675Z ##[endgroup]
slop / review	UNKNOWN STEP	2026-08-23T19:19:37.7244271Z ##[group]Run case "$REVIEW_REPORT_TYPE" in
slop / review	UNKNOWN STEP	2026-08-23T19:19:37.7246257Z ^[[36;1mcase "$REVIEW_REPORT_TYPE" in^[[0m
slop / review	UNKNOWN STEP	2026-08-23T19:19:37.7247700Z ^[[36;1m  slop) ;;^[[0m
slop / review	UNKNOWN STEP	2026-08-23T19:19:37.7249387Z ^[[36;1m  *) echo "invalid report_type: $REVIEW_REPORT_TYPE" >&2; exit 1 ;;^[[0m
slop / review	UNKNOWN STEP	2026-08-23T19:19:37.7251360Z ^[[36;1mesac^[[0m
slop / review	UNKNOWN STEP	2026-08-23T19:19:37.7252351Z ^[[36;1mcase "$REVIEW_SCOPE" in^[[0m
slop / review	UNKNOWN STEP	2026-08-23T19:19:37.7253611Z ^[[36;1m  repo|diff) ;;^[[0m
slop / review	UNKNOWN STEP	2026-08-23T19:19:37.7255175Z ^[[36;1m  *) echo "invalid scope: $REVIEW_SCOPE" >&2; exit 1 ;;^[[0m
slop / review	UNKNOWN STEP	2026-08-23T19:19:37.7257191Z ^[[36;1mesac^[[0m
slop / review	UNKNOWN STEP	2026-08-23T19:19:37.7258394Z ^[[36;1mif [[ ! "$REVIEW_PR_NUMBER" =~ ^[0-9]+$ ]]; then^[[0m
slop / review	UNKNOWN STEP	2026-08-23T19:19:37.7260477Z ^[[36;1m  echo "invalid pull request number: $REVIEW_PR_NUMBER" >&2^[[0m
slop / review	UNKNOWN STEP	2026-08-23T19:19:37.7262377Z ^[[36;1m  exit 1^[[0m
slop / review	UNKNOWN STEP	2026-08-23T19:19:37.7263410Z ^[[36;1mfi^[[0m
slop / review	UNKNOWN STEP	2026-08-23T19:19:37.7265106Z ^[[36;1mif [[ -z "$REVIEW_INFRA_REF" || "$REVIEW_INFRA_REF" =~ [^A-Za-z0-9._/-] ]]; then^[[0m
slop / review	UNKNOWN STEP	2026-08-23T19:19:37.7268090Z ^[[36;1m  echo "invalid infra_ref: $REVIEW_INFRA_REF" >&2^[[0m
slop / review	UNKNOWN STEP	2026-08-23T19:19:37.7269802Z ^[[36;1m  exit 1^[[0m
slop / review	UNKNOWN STEP	2026-08-23T19:19:37.7270781Z ^[[36;1mfi^[[0m
slop / review	UNKNOWN STEP	2026-08-23T19:19:37.7272056Z ^[[36;1mif [[ "$REVIEW_BASE_REF" =~ [^A-Za-z0-9._/-] ]]; then^[[0m
slop / review	UNKNOWN STEP	2026-08-23T19:19:37.7274067Z ^[[36;1m  echo "invalid base_ref: $REVIEW_BASE_REF" >&2^[[0m
slop / review	UNKNOWN STEP	2026-08-23T19:19:37.7275701Z ^[[36;1m  exit 1^[[0m
slop / review	UNKNOWN STEP	2026-08-23T19:19:37.7276932Z ^[[36;1mfi^[[0m
slop / review	UNKNOWN STEP	2026-08-23T19:19:37.7278320Z ^[[36;1mif [[ "$REVIEW_SCOPE" == "diff" && -z "$REVIEW_BASE_REF" ]]; then^[[0m
slop / review	UNKNOWN STEP	2026-08-23T19:19:37.7280528Z ^[[36;1m  echo "base_ref is required for diff scope" >&2^[[0m
slop / review	UNKNOWN STEP	2026-08-23T19:19:37.7282181Z ^[[36;1m  exit 1^[[0m
slop / review	UNKNOWN STEP	2026-08-23T19:19:37.7283160Z ^[[36;1mfi^[[0m
slop / review	UNKNOWN STEP	2026-08-23T19:19:37.7284192Z ^[[36;1mcase "$REVIEW_DELIVERY" in^[[0m
slop / review	UNKNOWN STEP	2026-08-23T19:19:37.7285575Z ^[[36;1m  sarif|issues) ;;^[[0m
slop / review	UNKNOWN STEP	2026-08-23T19:19:37.7287517Z ^[[36;1m  *) echo "invalid delivery: $REVIEW_DELIVERY" >&2; exit 1 ;;^[[0m
slop / review	UNKNOWN STEP	2026-08-23T19:19:37.7289437Z ^[[36;1mesac^[[0m
slop / review	UNKNOWN STEP	2026-08-23T19:19:37.7290735Z ^[[36;1mif [[ ! "$REVIEW_PARENT_ISSUE" =~ ^[0-9]+$ ]]; then^[[0m
slop / review	UNKNOWN STEP	2026-08-23T19:19:37.7292877Z ^[[36;1m  echo "invalid parent_issue: $REVIEW_PARENT_ISSUE" >&2^[[0m
slop / review	UNKNOWN STEP	2026-08-23T19:19:37.7294687Z ^[[36;1m  exit 1^[[0m
slop / review	UNKNOWN STEP	2026-08-23T19:19:37.7295699Z ^[[36;1mfi^[[0m
slop / review	UNKNOWN STEP	2026-08-23T19:19:37.7351444Z shell: /usr/bin/bash -e {0}
slop / review	UNKNOWN STEP	2026-08-23T19:19:37.7352713Z env:
slop / review	UNKNOWN STEP	2026-08-23T19:19:37.7353661Z   REVIEW_REPORT_TYPE: slop
slop / review	UNKNOWN STEP	2026-08-23T19:19:37.7354902Z   REVIEW_SCOPE: diff
slop / review	UNKNOWN STEP	2026-08-23T19:19:37.7356474Z   REVIEW_INFRA_REF: main
slop / review	UNKNOWN STEP	2026-08-23T19:19:37.7357371Z   REVIEW_PR_NUMBER: 3
slop / review	UNKNOWN STEP	2026-08-23T19:19:37.7358045Z   REVIEW_BASE_REF: main
slop / review	UNKNOWN STEP	2026-08-23T19:19:37.7358722Z   REVIEW_POLICY_PATHS: 
slop / review	UNKNOWN STEP	2026-08-23T19:19:37.7359397Z   REVIEW_FOCUS_PROMPT: 
slop / review	UNKNOWN STEP	2026-08-23T19:19:37.7360075Z   REVIEW_CONTEXT_ARCHIVE: 
slop / review	UNKNOWN STEP	2026-08-23T19:19:37.7360785Z   REVIEW_DELIVERY: sarif
slop / review	UNKNOWN STEP	2026-08-23T19:19:37.7361484Z   REVIEW_PARENT_ISSUE: 0
slop / review	UNKNOWN STEP	2026-08-23T19:19:37.7362259Z   INFRA: /home/runner/work/_temp/ai-review-ci
slop / review	UNKNOWN STEP	2026-08-23T19:19:37.7363183Z ##[endgroup]
slop / review	UNKNOWN STEP	2026-08-23T19:19:37.7551045Z ##[group]Run git clone --depth 1 --branch "$REVIEW_INFRA_REF" https://github.com/dzackgarza/ai-review-ci.git "$INFRA"
slop / review	UNKNOWN STEP	2026-08-23T19:19:37.7553846Z ^[[36;1mgit clone --depth 1 --branch "$REVIEW_INFRA_REF" https://github.com/dzackgarza/ai-review-ci.git "$INFRA"^[[0m
slop / review	UNKNOWN STEP	2026-08-23T19:19:37.7590632Z shell: /usr/bin/bash -e {0}
slop / review	UNKNOWN STEP	2026-08-23T19:19:37.7591416Z env:
slop / review	UNKNOWN STEP	2026-08-23T19:19:37.7591948Z   REVIEW_REPORT_TYPE: slop
slop / review	UNKNOWN STEP	2026-08-23T19:19:37.7592694Z   REVIEW_SCOPE: diff
slop / review	UNKNOWN STEP	2026-08-23T19:19:37.7593328Z   REVIEW_INFRA_REF: main
slop / review	UNKNOWN STEP	2026-08-23T19:19:37.7593995Z   REVIEW_PR_NUMBER: 3
slop / review	UNKNOWN STEP	2026-08-23T19:19:37.7594633Z   REVIEW_BASE_REF: main
slop / review	UNKNOWN STEP	2026-08-23T19:19:37.7595290Z   REVIEW_POLICY_PATHS: 
slop / review	UNKNOWN STEP	2026-08-23T19:19:37.7596256Z   REVIEW_FOCUS_PROMPT: 
slop / review	UNKNOWN STEP	2026-08-23T19:19:37.7596948Z   REVIEW_CONTEXT_ARCHIVE: 
slop / review	UNKNOWN STEP	2026-08-23T19:19:37.7597650Z   REVIEW_DELIVERY: sarif
slop / review	UNKNOWN STEP	2026-08-23T19:19:37.7598334Z   REVIEW_PARENT_ISSUE: 0
slop / review	UNKNOWN STEP	2026-08-23T19:19:37.7599098Z   INFRA: /home/runner/work/_temp/ai-review-ci
slop / review	UNKNOWN STEP	2026-08-23T19:19:37.7600244Z ##[endgroup]
slop / review	UNKNOWN STEP	2026-08-23T19:19:37.7677465Z Cloning into '/home/runner/work/_temp/ai-review-ci'...
slop / review	UNKNOWN STEP	2026-08-23T19:19:38.6302832Z Node 20 is being deprecated. This workflow is running with Node 24 by default. If you need to temporarily use Node 20, you can set the ACTIONS_ALLOW_USE_UNSECURE_NODE_VERSION=true environment variable. For more information see: https://github.blog/changelog/2025-09-19-deprecation-of-node-20-on-github-actions-runners/
slop / review	UNKNOWN STEP	2026-08-23T19:19:38.6308673Z ##[group]Run actions/setup-python@v5
slop / review	UNKNOWN STEP	2026-08-23T19:19:38.6309777Z with:
slop / review	UNKNOWN STEP	2026-08-23T19:19:38.6310578Z   python-version: 3.14
slop / review	UNKNOWN STEP	2026-08-23T19:19:38.6311515Z   check-latest: false
slop / review	UNKNOWN STEP	2026-08-23T19:19:38.6321798Z   token: ***
slop / review	UNKNOWN STEP	2026-08-23T19:19:38.6322711Z   update-environment: true
slop / review	UNKNOWN STEP	2026-08-23T19:19:38.6323723Z   allow-prereleases: false
slop / review	UNKNOWN STEP	2026-08-23T19:19:38.6324711Z   freethreaded: false
slop / review	UNKNOWN STEP	2026-08-23T19:19:38.6325585Z env:
slop / review	UNKNOWN STEP	2026-08-23T19:19:38.6326720Z   REVIEW_REPORT_TYPE: slop
slop / review	UNKNOWN STEP	2026-08-23T19:19:38.6327719Z   REVIEW_SCOPE: diff
slop / review	UNKNOWN STEP	2026-08-23T19:19:38.6328660Z   REVIEW_INFRA_REF: main
slop / review	UNKNOWN STEP	2026-08-23T19:19:38.6329619Z   REVIEW_PR_NUMBER: 3
slop / review	UNKNOWN STEP	2026-08-23T19:19:38.6330572Z   REVIEW_BASE_REF: main
slop / review	UNKNOWN STEP	2026-08-23T19:19:38.6331548Z   REVIEW_POLICY_PATHS: 
slop / review	UNKNOWN STEP	2026-08-23T19:19:38.6332487Z   REVIEW_FOCUS_PROMPT: 
slop / review	UNKNOWN STEP	2026-08-23T19:19:38.6333434Z   REVIEW_CONTEXT_ARCHIVE: 
slop / review	UNKNOWN STEP	2026-08-23T19:19:38.6334422Z   REVIEW_DELIVERY: sarif
slop / review	UNKNOWN STEP	2026-08-23T19:19:38.6335399Z   REVIEW_PARENT_ISSUE: 0
slop / review	UNKNOWN STEP	2026-08-23T19:19:38.6336599Z   INFRA: /home/runner/work/_temp/ai-review-ci
slop / review	UNKNOWN STEP	2026-08-23T19:19:38.6337746Z ##[endgroup]
slop / review	UNKNOWN STEP	2026-08-23T19:19:38.7637709Z ##[group]Installed versions
slop / review	UNKNOWN STEP	2026-08-23T19:19:38.7724914Z (node:2332) [DEP0040] DeprecationWarning: The `punycode` module is deprecated. Please use a userland alternative instead.
slop / review	UNKNOWN STEP	2026-08-23T19:19:38.7729386Z (Use `node --trace-deprecation ...` to show where the warning was created)
slop / review	UNKNOWN STEP	2026-08-23T19:19:38.7732093Z Successfully set up CPython (3.14.7)
slop / review	UNKNOWN STEP	2026-08-23T19:19:38.7734861Z ##[endgroup]
slop / review	UNKNOWN STEP	2026-08-23T19:19:38.8001066Z ##[group]Run extractions/setup-just@v4
slop / review	UNKNOWN STEP	2026-08-23T19:19:38.8002204Z with:
slop / review	UNKNOWN STEP	2026-08-23T19:19:38.8016994Z   github-token: ***
slop / review	UNKNOWN STEP	2026-08-23T19:19:38.8018108Z env:
slop / review	UNKNOWN STEP	2026-08-23T19:19:38.8019141Z   REVIEW_REPORT_TYPE: slop
slop / review	UNKNOWN STEP	2026-08-23T19:19:38.8020260Z   REVIEW_SCOPE: diff
slop / review	UNKNOWN STEP	2026-08-23T19:19:38.8021362Z   REVIEW_INFRA_REF: main
slop / review	UNKNOWN STEP	2026-08-23T19:19:38.8022276Z   REVIEW_PR_NUMBER: 3
slop / review	UNKNOWN STEP	2026-08-23T19:19:38.8023309Z   REVIEW_BASE_REF: main
slop / review	UNKNOWN STEP	2026-08-23T19:19:38.8024207Z   REVIEW_POLICY_PATHS: 
slop / review	UNKNOWN STEP	2026-08-23T19:19:38.8025090Z   REVIEW_FOCUS_PROMPT: 
slop / review	UNKNOWN STEP	2026-08-23T19:19:38.8026233Z   REVIEW_CONTEXT_ARCHIVE: 
slop / review	UNKNOWN STEP	2026-08-23T19:19:38.8027197Z   REVIEW_DELIVERY: sarif
slop / review	UNKNOWN STEP	2026-08-23T19:19:38.8028691Z   REVIEW_PARENT_ISSUE: 0
slop / review	UNKNOWN STEP	2026-08-23T19:19:38.8030963Z   INFRA: /home/runner/work/_temp/ai-review-ci
slop / review	UNKNOWN STEP	2026-08-23T19:19:38.8033719Z   pythonLocation: /opt/hostedtoolcache/Python/3.14.7/x64
slop / review	UNKNOWN STEP	2026-08-23T19:19:38.8036811Z   PKG_CONFIG_PATH: /opt/hostedtoolcache/Python/3.14.7/x64/lib/pkgconfig
slop / review	UNKNOWN STEP	2026-08-23T19:19:38.8039453Z   Python_ROOT_DIR: /opt/hostedtoolcache/Python/3.14.7/x64
slop / review	UNKNOWN STEP	2026-08-23T19:19:38.8041885Z   Python2_ROOT_DIR: /opt/hostedtoolcache/Python/3.14.7/x64
slop / review	UNKNOWN STEP	2026-08-23T19:19:38.8043631Z   Python3_ROOT_DIR: /opt/hostedtoolcache/Python/3.14.7/x64
slop / review	UNKNOWN STEP	2026-08-23T19:19:38.8045729Z   LD_LIBRARY_PATH: /opt/hostedtoolcache/Python/3.14.7/x64/lib
slop / review	UNKNOWN STEP	2026-08-23T19:19:38.8048133Z ##[endgroup]
slop / review	UNKNOWN STEP	2026-08-23T19:19:38.8142967Z ##[start-action display=Run extractions/setup-crate@0551596312d4008a6dfbc4d3c38fa20eaef46d2d;id=__extractions_setup-just.__extractions_setup-crate]
slop / review	UNKNOWN STEP	2026-08-23T19:19:38.8257700Z ##[group]Run extractions/setup-crate@0551596312d4008a6dfbc4d3c38fa20eaef46d2d
slop / review	UNKNOWN STEP	2026-08-23T19:19:38.8259230Z with:
slop / review	UNKNOWN STEP	2026-08-23T19:19:38.8259986Z   repo: casey/just
slop / review	UNKNOWN STEP	2026-08-23T19:19:38.8269873Z   github-token: ***
slop / review	UNKNOWN STEP	2026-08-23T19:19:38.8270719Z env:
slop / review	UNKNOWN STEP	2026-08-23T19:19:38.8271478Z   REVIEW_REPORT_TYPE: slop
slop / review	UNKNOWN STEP	2026-08-23T19:19:38.8272412Z   REVIEW_SCOPE: diff
slop / review	UNKNOWN STEP	2026-08-23T19:19:38.8273273Z   REVIEW_INFRA_REF: main
slop / review	UNKNOWN STEP	2026-08-23T19:19:38.8274166Z   REVIEW_PR_NUMBER: 3
slop / review	UNKNOWN STEP	2026-08-23T19:19:38.8275039Z   REVIEW_BASE_REF: main
slop / review	UNKNOWN STEP	2026-08-23T19:19:38.8276505Z   REVIEW_POLICY_PATHS: 
slop / review	UNKNOWN STEP	2026-08-23T19:19:38.8277428Z   REVIEW_FOCUS_PROMPT: 
slop / review	UNKNOWN STEP	2026-08-23T19:19:38.8278329Z   REVIEW_CONTEXT_ARCHIVE: 
slop / review	UNKNOWN STEP	2026-08-23T19:19:38.8279256Z   REVIEW_DELIVERY: sarif
slop / review	UNKNOWN STEP	2026-08-23T19:19:38.8280168Z   REVIEW_PARENT_ISSUE: 0
slop / review	UNKNOWN STEP	2026-08-23T19:19:38.8281157Z   INFRA: /home/runner/work/_temp/ai-review-ci
slop / review	UNKNOWN STEP	2026-08-23T19:19:38.8282508Z   pythonLocation: /opt/hostedtoolcache/Python/3.14.7/x64
slop / review	UNKNOWN STEP	2026-08-23T19:19:38.8284089Z   PKG_CONFIG_PATH: /opt/hostedtoolcache/Python/3.14.7/x64/lib/pkgconfig
slop / review	UNKNOWN STEP	2026-08-23T19:19:38.8285699Z   Python_ROOT_DIR: /opt/hostedtoolcache/Python/3.14.7/x64
slop / review	UNKNOWN STEP	2026-08-23T19:19:38.8287376Z   Python2_ROOT_DIR: /opt/hostedtoolcache/Python/3.14.7/x64
slop / review	UNKNOWN STEP	2026-08-23T19:19:38.8288869Z   Python3_ROOT_DIR: /opt/hostedtoolcache/Python/3.14.7/x64
slop / review	UNKNOWN STEP	2026-08-23T19:19:38.8290365Z   LD_LIBRARY_PATH: /opt/hostedtoolcache/Python/3.14.7/x64/lib
slop / review	UNKNOWN STEP	2026-08-23T19:19:38.8291636Z ##[endgroup]
slop / review	UNKNOWN STEP	2026-08-23T19:19:39.5150781Z [command]/usr/bin/tar xz --warning=no-unknown-keyword --overwrite -C /home/runner/work/_temp/2a545196-8beb-4418-bfc8-c541c8f35169 -f /home/runner/work/_temp/68885e0d-87cd-4a54-8125-68a1996a6fc8
slop / review	UNKNOWN STEP	2026-08-23T19:19:39.5822988Z Successfully setup just v1.58.0
slop / review	UNKNOWN STEP	2026-08-23T19:19:39.5961991Z ##[end-action id=__extractions_setup-just.__extractions_setup-crate;outcome=success;conclusion=success;duration_ms=781]
slop / review	UNKNOWN STEP	2026-08-23T19:19:39.5997860Z ##[group]Run just -f "$INFRA/ci/runner.just" install-tools
slop / review	UNKNOWN STEP	2026-08-23T19:19:39.5998329Z ^[[36;1mjust -f "$INFRA/ci/runner.just" install-tools^[[0m
slop / review	UNKNOWN STEP	2026-08-23T19:19:39.6042764Z shell: /usr/bin/bash -e {0}
slop / review	UNKNOWN STEP	2026-08-23T19:19:39.6043031Z env:
slop / review	UNKNOWN STEP	2026-08-23T19:19:39.6043245Z   REVIEW_REPORT_TYPE: slop
slop / review	UNKNOWN STEP	2026-08-23T19:19:39.6043497Z   REVIEW_SCOPE: diff
slop / review	UNKNOWN STEP	2026-08-23T19:19:39.6043717Z   REVIEW_INFRA_REF: main
slop / review	UNKNOWN STEP	2026-08-23T19:19:39.6043946Z   REVIEW_PR_NUMBER: 3
slop / review	UNKNOWN STEP	2026-08-23T19:19:39.6044162Z   REVIEW_BASE_REF: main
slop / review	UNKNOWN STEP	2026-08-23T19:19:39.6044383Z   REVIEW_POLICY_PATHS: 
slop / review	UNKNOWN STEP	2026-08-23T19:19:39.6044605Z   REVIEW_FOCUS_PROMPT: 
slop / review	UNKNOWN STEP	2026-08-23T19:19:39.6044826Z   REVIEW_CONTEXT_ARCHIVE: 
slop / review	UNKNOWN STEP	2026-08-23T19:19:39.6045076Z   REVIEW_DELIVERY: sarif
slop / review	UNKNOWN STEP	2026-08-23T19:19:39.6045309Z   REVIEW_PARENT_ISSUE: 0
slop / review	UNKNOWN STEP	2026-08-23T19:19:39.6045568Z   INFRA: /home/runner/work/_temp/ai-review-ci
slop / review	UNKNOWN STEP	2026-08-23T19:19:39.6045917Z   pythonLocation: /opt/hostedtoolcache/Python/3.14.7/x64
slop / review	UNKNOWN STEP	2026-08-23T19:19:39.6046628Z   PKG_CONFIG_PATH: /opt/hostedtoolcache/Python/3.14.7/x64/lib/pkgconfig
slop / review	UNKNOWN STEP	2026-08-23T19:19:39.6047059Z   Python_ROOT_DIR: /opt/hostedtoolcache/Python/3.14.7/x64
slop / review	UNKNOWN STEP	2026-08-23T19:19:39.6047457Z   Python2_ROOT_DIR: /opt/hostedtoolcache/Python/3.14.7/x64
slop / review	UNKNOWN STEP	2026-08-23T19:19:39.6047867Z   Python3_ROOT_DIR: /opt/hostedtoolcache/Python/3.14.7/x64
slop / review	UNKNOWN STEP	2026-08-23T19:19:39.6048269Z   LD_LIBRARY_PATH: /opt/hostedtoolcache/Python/3.14.7/x64/lib
slop / review	UNKNOWN STEP	2026-08-23T19:19:39.6048607Z ##[endgroup]
slop / review	UNKNOWN STEP	2026-08-23T19:19:39.6142548Z curl -LsSf https://astral.sh/uv/install.sh | env UV_INSTALL_DIR=/usr/local/bin sh
slop / review	UNKNOWN STEP	2026-08-23T19:19:39.7126643Z downloading uv 0.12.5 x86_64-unknown-linux-gnu
slop / review	UNKNOWN STEP	2026-08-23T19:19:40.3015409Z installing to /usr/local/bin
slop / review	UNKNOWN STEP	2026-08-23T19:19:40.3075009Z   uv
slop / review	UNKNOWN STEP	2026-08-23T19:19:40.3095029Z   uvx
slop / review	UNKNOWN STEP	2026-08-23T19:19:40.3132822Z everything's installed!
slop / review	UNKNOWN STEP	2026-08-23T19:19:40.3200174Z npm install -g opencode-ai
slop / review	UNKNOWN STEP	2026-08-23T19:19:49.0335698Z 
slop / review	UNKNOWN STEP	2026-08-23T19:19:49.0336494Z added 3 packages in 8s
slop / review	UNKNOWN STEP	2026-08-23T19:19:49.0885637Z npm install -g cc-safety-net
slop / review	UNKNOWN STEP	2026-08-23T19:19:50.0250544Z 
slop / review	UNKNOWN STEP	2026-08-23T19:19:50.0251049Z added 2 packages in 884ms
slop / review	UNKNOWN STEP	2026-08-23T19:19:50.0251307Z 
slop / review	UNKNOWN STEP	2026-08-23T19:19:50.0251447Z 1 package is looking for funding
slop / review	UNKNOWN STEP	2026-08-23T19:19:50.0251726Z   run `npm fund` for details
slop / review	UNKNOWN STEP	2026-08-23T19:19:50.0384591Z ##[group]Run just -f "$INFRA/ci/runner.just" fetch-context "ai-review/$REVIEW_REPORT_TYPE" "$REVIEW_PR_NUMBER"
slop / review	UNKNOWN STEP	2026-08-23T19:19:50.0385366Z ^[[36;1mjust -f "$INFRA/ci/runner.just" fetch-context "ai-review/$REVIEW_REPORT_TYPE" "$REVIEW_PR_NUMBER"^[[0m
slop / review	UNKNOWN STEP	2026-08-23T19:19:50.0424430Z shell: /usr/bin/bash -e {0}
slop / review	UNKNOWN STEP	2026-08-23T19:19:50.0424683Z env:
slop / review	UNKNOWN STEP	2026-08-23T19:19:50.0424894Z   REVIEW_REPORT_TYPE: slop
slop / review	UNKNOWN STEP	2026-08-23T19:19:50.0425137Z   REVIEW_SCOPE: diff
slop / review	UNKNOWN STEP	2026-08-23T19:19:50.0425534Z   REVIEW_INFRA_REF: main
slop / review	UNKNOWN STEP	2026-08-23T19:19:50.0425766Z   REVIEW_PR_NUMBER: 3
slop / review	UNKNOWN STEP	2026-08-23T19:19:50.0426237Z   REVIEW_BASE_REF: main
slop / review	UNKNOWN STEP	2026-08-23T19:19:50.0426470Z   REVIEW_POLICY_PATHS: 
slop / review	UNKNOWN STEP	2026-08-23T19:19:50.0426691Z   REVIEW_FOCUS_PROMPT: 
slop / review	UNKNOWN STEP	2026-08-23T19:19:50.0426916Z   REVIEW_CONTEXT_ARCHIVE: 
slop / review	UNKNOWN STEP	2026-08-23T19:19:50.0427149Z   REVIEW_DELIVERY: sarif
slop / review	UNKNOWN STEP	2026-08-23T19:19:50.0427370Z   REVIEW_PARENT_ISSUE: 0
slop / review	UNKNOWN STEP	2026-08-23T19:19:50.0427623Z   INFRA: /home/runner/work/_temp/ai-review-ci
slop / review	UNKNOWN STEP	2026-08-23T19:19:50.0428004Z   pythonLocation: /opt/hostedtoolcache/Python/3.14.7/x64
slop / review	UNKNOWN STEP	2026-08-23T19:19:50.0428428Z   PKG_CONFIG_PATH: /opt/hostedtoolcache/Python/3.14.7/x64/lib/pkgconfig
slop / review	UNKNOWN STEP	2026-08-23T19:19:50.0428854Z   Python_ROOT_DIR: /opt/hostedtoolcache/Python/3.14.7/x64
slop / review	UNKNOWN STEP	2026-08-23T19:19:50.0429223Z   Python2_ROOT_DIR: /opt/hostedtoolcache/Python/3.14.7/x64
slop / review	UNKNOWN STEP	2026-08-23T19:19:50.0429591Z   Python3_ROOT_DIR: /opt/hostedtoolcache/Python/3.14.7/x64
slop / review	UNKNOWN STEP	2026-08-23T19:19:50.0429964Z   LD_LIBRARY_PATH: /opt/hostedtoolcache/Python/3.14.7/x64/lib
slop / review	UNKNOWN STEP	2026-08-23T19:19:50.0432785Z   GH_TOKEN: ***
slop / review	UNKNOWN STEP	2026-08-23T19:19:50.0433025Z ##[endgroup]
slop / review	UNKNOWN STEP	2026-08-23T19:19:50.0526585Z uv run --project /home/runner/work/_temp/ai-review-ci/ci/.. ai-review-ci fetch-context --repo "${GITHUB_REPOSITORY}" --tool-names "ai-review/slop" --output "/home/runner/work/sage-categories/sage-categories/.reviewer-context.md" --alerts-output "/home/runner/work/sage-categories/sage-categories/.reviewer-alerts.json" --pr-number "3"
slop / review	UNKNOWN STEP	2026-08-23T19:19:50.7749965Z Using CPython 3.14.7 interpreter at: /opt/hostedtoolcache/Python/3.14.7/x64/bin/python3.14
slop / review	UNKNOWN STEP	2026-08-23T19:19:50.7751065Z Creating virtual environment at: /home/runner/work/_temp/ai-review-ci/.venv
slop / review	UNKNOWN STEP	2026-08-23T19:19:50.7882434Z    Building ai-review-ci @ file:///home/runner/work/_temp/ai-review-ci
slop / review	UNKNOWN STEP	2026-08-23T19:19:50.8582977Z Downloading pygments (1.2MiB)
slop / review	UNKNOWN STEP	2026-08-23T19:19:50.8585383Z Downloading pydantic-core (2.0MiB)
slop / review	UNKNOWN STEP	2026-08-23T19:19:50.8586828Z Downloading playwright (45.2MiB)
slop / review	UNKNOWN STEP	2026-08-23T19:19:50.9466337Z  Downloaded pydantic-core
slop / review	UNKNOWN STEP	2026-08-23T19:19:51.4020767Z  Downloaded playwright
slop / review	UNKNOWN STEP	2026-08-23T19:19:51.4137280Z  Downloaded pygments
slop / review	UNKNOWN STEP	2026-08-23T19:19:51.8872060Z       Built ai-review-ci @ file:///home/runner/work/_temp/ai-review-ci
slop / review	UNKNOWN STEP	2026-08-23T19:19:51.9084154Z Installed 26 packages in 20ms
slop / review	UNKNOWN STEP	2026-08-23T19:19:55.1683593Z Reviewer context written to /home/runner/work/sage-categories/sage-categories/.reviewer-context.md
slop / review	UNKNOWN STEP	2026-08-23T19:19:55.5035008Z Carry-forward alerts written to /home/runner/work/sage-categories/sage-categories/.reviewer-alerts.json
slop / review	UNKNOWN STEP	2026-08-23T19:19:55.5536582Z ##[group]Run just -f "$INFRA/ci/runner.just" prepare
slop / review	UNKNOWN STEP	2026-08-23T19:19:55.5537022Z ^[[36;1mjust -f "$INFRA/ci/runner.just" prepare^[[0m
slop / review	UNKNOWN STEP	2026-08-23T19:19:55.5575893Z shell: /usr/bin/bash -e {0}
slop / review	UNKNOWN STEP	2026-08-23T19:19:55.5576393Z env:
slop / review	UNKNOWN STEP	2026-08-23T19:19:55.5576599Z   REVIEW_REPORT_TYPE: slop
slop / review	UNKNOWN STEP	2026-08-23T19:19:55.5576840Z   REVIEW_SCOPE: diff
slop / review	UNKNOWN STEP	2026-08-23T19:19:55.5577061Z   REVIEW_INFRA_REF: main
slop / review	UNKNOWN STEP	2026-08-23T19:19:55.5577287Z   REVIEW_PR_NUMBER: 3
slop / review	UNKNOWN STEP	2026-08-23T19:19:55.5577530Z   REVIEW_BASE_REF: main
slop / review	UNKNOWN STEP	2026-08-23T19:19:55.5577785Z   REVIEW_POLICY_PATHS: 
slop / review	UNKNOWN STEP	2026-08-23T19:19:55.5578006Z   REVIEW_FOCUS_PROMPT: 
slop / review	UNKNOWN STEP	2026-08-23T19:19:55.5578224Z   REVIEW_CONTEXT_ARCHIVE: 
slop / review	UNKNOWN STEP	2026-08-23T19:19:55.5578450Z   REVIEW_DELIVERY: sarif
slop / review	UNKNOWN STEP	2026-08-23T19:19:55.5578668Z   REVIEW_PARENT_ISSUE: 0
slop / review	UNKNOWN STEP	2026-08-23T19:19:55.5578926Z   INFRA: /home/runner/work/_temp/ai-review-ci
slop / review	UNKNOWN STEP	2026-08-23T19:19:55.5579276Z   pythonLocation: /opt/hostedtoolcache/Python/3.14.7/x64
slop / review	UNKNOWN STEP	2026-08-23T19:19:55.5579738Z   PKG_CONFIG_PATH: /opt/hostedtoolcache/Python/3.14.7/x64/lib/pkgconfig
slop / review	UNKNOWN STEP	2026-08-23T19:19:55.5580166Z   Python_ROOT_DIR: /opt/hostedtoolcache/Python/3.14.7/x64
slop / review	UNKNOWN STEP	2026-08-23T19:19:55.5580558Z   Python2_ROOT_DIR: /opt/hostedtoolcache/Python/3.14.7/x64
slop / review	UNKNOWN STEP	2026-08-23T19:19:55.5580940Z   Python3_ROOT_DIR: /opt/hostedtoolcache/Python/3.14.7/x64
slop / review	UNKNOWN STEP	2026-08-23T19:19:55.5581325Z   LD_LIBRARY_PATH: /opt/hostedtoolcache/Python/3.14.7/x64/lib
slop / review	UNKNOWN STEP	2026-08-23T19:19:55.5581644Z ##[endgroup]
slop / review	UNKNOWN STEP	2026-08-23T19:19:55.5673888Z just -f /home/runner/work/_temp/ai-review-ci/ci/../ci/runner.just create-reviewer
slop / review	UNKNOWN STEP	2026-08-23T19:19:55.5718893Z if reviewer_entry="$(getent passwd reviewer)"; then IFS=: read -r name _ uid gid gecos home shell <<< "$reviewer_entry"; if [ "$name" != "reviewer" ]; then echo "expected reviewer account, got $name" >&2; exit 1; fi; if [ "$home" != "/home/reviewer" ]; then echo "reviewer home mismatch: $home" >&2; exit 1; fi; if [ "$shell" != "/bin/bash" ]; then echo "reviewer shell mismatch: $shell" >&2; exit 1; fi; else sudo useradd -m -s /bin/bash reviewer; fi
slop / review	UNKNOWN STEP	2026-08-23T19:20:54.3835739Z sudo rm -rf /home/reviewer/repo
slop / review	UNKNOWN STEP	2026-08-23T19:20:54.3922361Z sudo mkdir -p /home/reviewer/repo
slop / review	UNKNOWN STEP	2026-08-23T19:20:54.4004281Z sudo chown -R reviewer:reviewer /home/reviewer
slop / review	UNKNOWN STEP	2026-08-23T19:20:54.4185632Z just -f /home/runner/work/_temp/ai-review-ci/ci/../ci/runner.just install-private-tools
slop / review	UNKNOWN STEP	2026-08-23T19:20:54.4227916Z sudo rm -rf /opt/ai-review/private
slop / review	UNKNOWN STEP	2026-08-23T19:20:54.4308346Z sudo mkdir -p /opt/ai-review/private
slop / review	UNKNOWN STEP	2026-08-23T19:20:54.4389849Z sudo rsync -a --exclude '.venv' /home/runner/work/_temp/ai-review-ci/ci/../ /opt/ai-review/private/
slop / review	UNKNOWN STEP	2026-08-23T19:20:54.5703416Z sudo uv sync --project /opt/ai-review/private
slop / review	UNKNOWN STEP	2026-08-23T19:20:54.7593135Z Downloading cpython-3.14.7-linux-x86_64-gnu (download) (34.2MiB)
slop / review	UNKNOWN STEP	2026-08-23T19:20:55.6944461Z  Downloaded cpython-3.14.7-linux-x86_64-gnu (download)
slop / review	UNKNOWN STEP	2026-08-23T19:20:55.8659216Z Using CPython 3.14.7
slop / review	UNKNOWN STEP	2026-08-23T19:20:55.8659974Z Creating virtual environment at: /opt/ai-review/private/.venv
slop / review	UNKNOWN STEP	2026-08-23T19:20:55.8680923Z Resolved 27 packages in 0.60ms
slop / review	UNKNOWN STEP	2026-08-23T19:20:55.8760567Z    Building ai-review-ci @ file:///opt/ai-review/private
slop / review	UNKNOWN STEP	2026-08-23T19:20:55.9054487Z Downloading pygments (1.2MiB)
slop / review	UNKNOWN STEP	2026-08-23T19:20:55.9062798Z Downloading pydantic-core (2.0MiB)
slop / review	UNKNOWN STEP	2026-08-23T19:20:55.9089345Z Downloading playwright (45.2MiB)
slop / review	UNKNOWN STEP	2026-08-23T19:20:55.9949683Z  Downloaded pydantic-core
slop / review	UNKNOWN STEP	2026-08-23T19:20:56.2524382Z  Downloaded pygments
slop / review	UNKNOWN STEP	2026-08-23T19:20:56.7596255Z  Downloaded playwright
slop / review	UNKNOWN STEP	2026-08-23T19:20:56.8277792Z       Built ai-review-ci @ file:///opt/ai-review/private
slop / review	UNKNOWN STEP	2026-08-23T19:20:56.8287042Z Prepared 26 packages in 959ms
slop / review	UNKNOWN STEP	2026-08-23T19:20:56.8456439Z Installed 26 packages in 16ms
slop / review	UNKNOWN STEP	2026-08-23T19:20:56.8457130Z  + ai-review-ci==0.1.0 (from file:///opt/ai-review/private)
slop / review	UNKNOWN STEP	2026-08-23T19:20:56.8457950Z  + annotated-types==0.7.0
slop / review	UNKNOWN STEP	2026-08-23T19:20:56.8458354Z  + attrs==26.1.0
slop / review	UNKNOWN STEP	2026-08-23T19:20:56.8458704Z  + cyclopts==4.17.0
slop / review	UNKNOWN STEP	2026-08-23T19:20:56.8459062Z  + docstring-parser==0.18.0
slop / review	UNKNOWN STEP	2026-08-23T19:20:56.8459403Z  + greenlet==3.5.3
slop / review	UNKNOWN STEP	2026-08-23T19:20:56.8459715Z  + iniconfig==2.3.0
slop / review	UNKNOWN STEP	2026-08-23T19:20:56.8460431Z  + markdown-it-py==4.2.0
slop / review	UNKNOWN STEP	2026-08-23T19:20:56.8460842Z  + mdurl==0.1.2
slop / review	UNKNOWN STEP	2026-08-23T19:20:56.8461186Z  + packaging==26.2
slop / review	UNKNOWN STEP	2026-08-23T19:20:56.8461541Z  + playwright==1.61.0
slop / review	UNKNOWN STEP	2026-08-23T19:20:56.8466419Z  + pluggy==1.6.0
slop / review	UNKNOWN STEP	2026-08-23T19:20:56.8467166Z  + pydantic==2.13.4
slop / review	UNKNOWN STEP	2026-08-23T19:20:56.8467888Z  + pydantic-core==2.46.4
slop / review	UNKNOWN STEP	2026-08-23T19:20:56.8468540Z  + pyee==13.0.1
slop / review	UNKNOWN STEP	2026-08-23T19:20:56.8469108Z  + pygments==2.20.0
slop / review	UNKNOWN STEP	2026-08-23T19:20:56.8469719Z  + pytest==9.0.3
slop / review	UNKNOWN STEP	2026-08-23T19:20:56.8470358Z  + pyyaml==6.0.3
slop / review	UNKNOWN STEP	2026-08-23T19:20:56.8471004Z  + rich==15.0.0
slop / review	UNKNOWN STEP	2026-08-23T19:20:56.8471610Z  + rich-rst==2.0.1
slop / review	UNKNOWN STEP	2026-08-23T19:20:56.8472218Z  + sarif-pydantic==0.6.2
slop / review	UNKNOWN STEP	2026-08-23T19:20:56.8472895Z  + types-pyyaml==6.0.12.20260518
slop / review	UNKNOWN STEP	2026-08-23T19:20:56.8473567Z  + types-unidiff==0.7.0.20260518
slop / review	UNKNOWN STEP	2026-08-23T19:20:56.8474226Z  + typing-extensions==4.15.0
slop / review	UNKNOWN STEP	2026-08-23T19:20:56.8474910Z  + typing-inspection==0.4.2
slop / review	UNKNOWN STEP	2026-08-23T19:20:56.8475575Z  + unidiff==0.7.5
slop / review	UNKNOWN STEP	2026-08-23T19:20:56.8580115Z sudo chown -R root:root /opt/ai-review/private
slop / review	UNKNOWN STEP	2026-08-23T19:20:56.8795241Z sudo chmod 700 /opt/ai-review/private
slop / review	UNKNOWN STEP	2026-08-23T19:20:56.8881532Z sudo chmod 500 /opt/ai-review/private/ci/private/submit-candidate
slop / review	UNKNOWN STEP	2026-08-23T19:20:56.8968932Z just -f /home/runner/work/_temp/ai-review-ci/ci/../ci/runner.just install-reviewer-home
slop / review	UNKNOWN STEP	2026-08-23T19:20:56.9011012Z sudo rsync -a --delete /home/runner/work/_temp/ai-review-ci/ci/../ci/reviewer_home/ /home/reviewer/
slop / review	UNKNOWN STEP	2026-08-23T19:20:57.0863608Z sudo mkdir -p /home/reviewer/.review/infra
slop / review	UNKNOWN STEP	2026-08-23T19:20:57.0951096Z sudo rsync -a --delete --exclude '.venv' /home/runner/work/_temp/ai-review-ci/ci/../ /home/reviewer/.review/infra/
slop / review	UNKNOWN STEP	2026-08-23T19:20:57.1896941Z sudo chown -R reviewer:reviewer /home/reviewer
slop / review	UNKNOWN STEP	2026-08-23T19:20:57.2019465Z sudo chmod 755 /home/reviewer/bin/submit-candidate
slop / review	UNKNOWN STEP	2026-08-23T19:20:57.2099065Z sudo -u reviewer -H uv sync --project /home/reviewer/.review/infra
slop / review	UNKNOWN STEP	2026-08-23T19:20:57.3964617Z Downloading cpython-3.14.7-linux-x86_64-gnu (download) (34.2MiB)
slop / review	UNKNOWN STEP	2026-08-23T19:20:58.2740284Z  Downloaded cpython-3.14.7-linux-x86_64-gnu (download)
slop / review	UNKNOWN STEP	2026-08-23T19:20:58.4504573Z Using CPython 3.14.7
slop / review	UNKNOWN STEP	2026-08-23T19:20:58.4505169Z Creating virtual environment at: /home/reviewer/.review/infra/.venv
slop / review	UNKNOWN STEP	2026-08-23T19:20:58.4525775Z Resolved 27 packages in 0.57ms
slop / review	UNKNOWN STEP	2026-08-23T19:20:58.4600275Z    Building ai-review-ci @ file:///home/reviewer/.review/infra
slop / review	UNKNOWN STEP	2026-08-23T19:20:58.4758069Z Downloading pygments (1.2MiB)
slop / review	UNKNOWN STEP	2026-08-23T19:20:58.4807970Z Downloading pydantic-core (2.0MiB)
slop / review	UNKNOWN STEP	2026-08-23T19:20:58.4813453Z Downloading playwright (45.2MiB)
slop / review	UNKNOWN STEP	2026-08-23T19:20:58.5879595Z  Downloaded pydantic-core
slop / review	UNKNOWN STEP	2026-08-23T19:20:59.0634090Z  Downloaded pygments
slop / review	UNKNOWN STEP	2026-08-23T19:20:59.0660337Z  Downloaded playwright
slop / review	UNKNOWN STEP	2026-08-23T19:20:59.4059474Z       Built ai-review-ci @ file:///home/reviewer/.review/infra
slop / review	UNKNOWN STEP	2026-08-23T19:20:59.4068049Z Prepared 26 packages in 953ms
slop / review	UNKNOWN STEP	2026-08-23T19:20:59.4324596Z Installed 26 packages in 25ms
slop / review	UNKNOWN STEP	2026-08-23T19:20:59.4325218Z  + ai-review-ci==0.1.0 (from file:///home/reviewer/.review/infra)
slop / review	UNKNOWN STEP	2026-08-23T19:20:59.4325886Z  + annotated-types==0.7.0
slop / review	UNKNOWN STEP	2026-08-23T19:20:59.4326603Z  + attrs==26.1.0
slop / review	UNKNOWN STEP	2026-08-23T19:20:59.4326958Z  + cyclopts==4.17.0
slop / review	UNKNOWN STEP	2026-08-23T19:20:59.4327340Z  + docstring-parser==0.18.0
slop / review	UNKNOWN STEP	2026-08-23T19:20:59.4327750Z  + greenlet==3.5.3
slop / review	UNKNOWN STEP	2026-08-23T19:20:59.4328098Z  + iniconfig==2.3.0
slop / review	UNKNOWN STEP	2026-08-23T19:20:59.4328474Z  + markdown-it-py==4.2.0
slop / review	UNKNOWN STEP	2026-08-23T19:20:59.4328864Z  + mdurl==0.1.2
slop / review	UNKNOWN STEP	2026-08-23T19:20:59.4329206Z  + packaging==26.2
slop / review	UNKNOWN STEP	2026-08-23T19:20:59.4329563Z  + playwright==1.61.0
slop / review	UNKNOWN STEP	2026-08-23T19:20:59.4329928Z  + pluggy==1.6.0
slop / review	UNKNOWN STEP	2026-08-23T19:20:59.4330295Z  + pydantic==2.13.4
slop / review	UNKNOWN STEP	2026-08-23T19:20:59.4330653Z  + pydantic-core==2.46.4
slop / review	UNKNOWN STEP	2026-08-23T19:20:59.4331034Z  + pyee==13.0.1
slop / review	UNKNOWN STEP	2026-08-23T19:20:59.4331377Z  + pygments==2.20.0
slop / review	UNKNOWN STEP	2026-08-23T19:20:59.4331736Z  + pytest==9.0.3
slop / review	UNKNOWN STEP	2026-08-23T19:20:59.4332304Z  + pyyaml==6.0.3
slop / review	UNKNOWN STEP	2026-08-23T19:20:59.4332701Z  + rich==15.0.0
slop / review	UNKNOWN STEP	2026-08-23T19:20:59.4333209Z  + rich-rst==2.0.1
slop / review	UNKNOWN STEP	2026-08-23T19:20:59.4333739Z  + sarif-pydantic==0.6.2
slop / review	UNKNOWN STEP	2026-08-23T19:20:59.4334255Z  + types-pyyaml==6.0.12.20260518
slop / review	UNKNOWN STEP	2026-08-23T19:20:59.4335079Z  + types-unidiff==0.7.0.20260518
slop / review	UNKNOWN STEP	2026-08-23T19:20:59.4335555Z  + typing-extensions==4.15.0
slop / review	UNKNOWN STEP	2026-08-23T19:20:59.4336168Z  + typing-inspection==0.4.2
slop / review	UNKNOWN STEP	2026-08-23T19:20:59.4336553Z  + unidiff==0.7.5
slop / review	UNKNOWN STEP	2026-08-23T19:20:59.4454544Z just -f /home/runner/work/_temp/ai-review-ci/ci/../ci/runner.just install-sudo-rule
slop / review	UNKNOWN STEP	2026-08-23T19:20:59.4500923Z { echo "reviewer ALL=(root) NOPASSWD: /opt/ai-review/private/ci/private/submit-candidate"; echo "reviewer ALL=(root) NOPASSWD: /opt/ai-review/private/ci/private/submit-candidate *"; echo "Defaults!/opt/ai-review/private/ci/private/submit-candidate env_keep += \"REPORT_TYPE REVIEWER_REPO CONTROL_REPO\""; } | sudo tee /etc/sudoers.d/ai-review-submit >/dev/null
slop / review	UNKNOWN STEP	2026-08-23T19:20:59.4587610Z sudo chmod 0440 /etc/sudoers.d/ai-review-submit
slop / review	UNKNOWN STEP	2026-08-23T19:20:59.4666275Z sudo visudo -c -f /etc/sudoers.d/ai-review-submit
slop / review	UNKNOWN STEP	2026-08-23T19:20:59.5160878Z /etc/sudoers.d/ai-review-submit: parsed OK
slop / review	UNKNOWN STEP	2026-08-23T19:20:59.5175439Z just -f /home/runner/work/_temp/ai-review-ci/ci/../ci/runner.just copy-reviewer-repo
slop / review	UNKNOWN STEP	2026-08-23T19:20:59.5219916Z sudo rsync -a --delete --exclude '.git' --exclude '.github' --exclude '.agents' --exclude '.hermes' --exclude '.review-report-artifact.json' --exclude '.review-report.sarif' /home/runner/work/sage-categories/sage-categories/ /home/reviewer/repo/
slop / review	UNKNOWN STEP	2026-08-23T19:20:59.5786499Z sudo mkdir -p /home/reviewer/repo/.agents/review-runner/candidates
slop / review	UNKNOWN STEP	2026-08-23T19:20:59.5870850Z sudo cp /home/runner/work/sage-categories/sage-categories/.reviewer-context.md /home/reviewer/repo/.reviewer-context.md
slop / review	UNKNOWN STEP	2026-08-23T19:20:59.5953753Z # cc-safety-net loads custom rulebooks from the *project* scope (cwd);
slop / review	UNKNOWN STEP	2026-08-23T19:20:59.5966499Z # user-scope placement under $HOME does not activate them. The reviewer
slop / review	UNKNOWN STEP	2026-08-23T19:20:59.5979704Z # runs with cwd=/home/reviewer/repo, so the rulebook must live there.
slop / review	UNKNOWN STEP	2026-08-23T19:20:59.5992907Z sudo mkdir -p /home/reviewer/repo/.cc-safety-net
slop / review	UNKNOWN STEP	2026-08-23T19:20:59.6073763Z sudo cp -r /home/reviewer/.config/cc-safety-net/rules /home/reviewer/repo/.cc-safety-net/rules
slop / review	UNKNOWN STEP	2026-08-23T19:20:59.6158213Z sudo chown -R reviewer:reviewer /home/reviewer/repo
slop / review	UNKNOWN STEP	2026-08-23T19:20:59.6299654Z ##[group]Run just -f "$INFRA/ci/runner.just" check-reviewer-model
slop / review	UNKNOWN STEP	2026-08-23T19:20:59.6300206Z ^[[36;1mjust -f "$INFRA/ci/runner.just" check-reviewer-model^[[0m
slop / review	UNKNOWN STEP	2026-08-23T19:20:59.6337816Z shell: /usr/bin/bash -e {0}
slop / review	UNKNOWN STEP	2026-08-23T19:20:59.6338062Z env:
slop / review	UNKNOWN STEP	2026-08-23T19:20:59.6338260Z   REVIEW_REPORT_TYPE: slop
slop / review	UNKNOWN STEP	2026-08-23T19:20:59.6338506Z   REVIEW_SCOPE: diff
slop / review	UNKNOWN STEP	2026-08-23T19:20:59.6338741Z   REVIEW_INFRA_REF: main
slop / review	UNKNOWN STEP	2026-08-23T19:20:59.6338967Z   REVIEW_PR_NUMBER: 3
slop / review	UNKNOWN STEP	2026-08-23T19:20:59.6339179Z   REVIEW_BASE_REF: main
slop / review	UNKNOWN STEP	2026-08-23T19:20:59.6339397Z   REVIEW_POLICY_PATHS: 
slop / review	UNKNOWN STEP	2026-08-23T19:20:59.6339613Z   REVIEW_FOCUS_PROMPT: 
slop / review	UNKNOWN STEP	2026-08-23T19:20:59.6339826Z   REVIEW_CONTEXT_ARCHIVE: 
slop / review	UNKNOWN STEP	2026-08-23T19:20:59.6340053Z   REVIEW_DELIVERY: sarif
slop / review	UNKNOWN STEP	2026-08-23T19:20:59.6340273Z   REVIEW_PARENT_ISSUE: 0
slop / review	UNKNOWN STEP	2026-08-23T19:20:59.6340528Z   INFRA: /home/runner/work/_temp/ai-review-ci
slop / review	UNKNOWN STEP	2026-08-23T19:20:59.6340884Z   pythonLocation: /opt/hostedtoolcache/Python/3.14.7/x64
slop / review	UNKNOWN STEP	2026-08-23T19:20:59.6341326Z   PKG_CONFIG_PATH: /opt/hostedtoolcache/Python/3.14.7/x64/lib/pkgconfig
slop / review	UNKNOWN STEP	2026-08-23T19:20:59.6341744Z   Python_ROOT_DIR: /opt/hostedtoolcache/Python/3.14.7/x64
slop / review	UNKNOWN STEP	2026-08-23T19:20:59.6342115Z   Python2_ROOT_DIR: /opt/hostedtoolcache/Python/3.14.7/x64
slop / review	UNKNOWN STEP	2026-08-23T19:20:59.6342483Z   Python3_ROOT_DIR: /opt/hostedtoolcache/Python/3.14.7/x64
slop / review	UNKNOWN STEP	2026-08-23T19:20:59.6342852Z   LD_LIBRARY_PATH: /opt/hostedtoolcache/Python/3.14.7/x64/lib
slop / review	UNKNOWN STEP	2026-08-23T19:20:59.6343177Z ##[endgroup]
slop / review	UNKNOWN STEP	2026-08-23T19:21:07.0837105Z Reviewer model available: opencode/nemotron-3-ultra-free
slop / review	UNKNOWN STEP	2026-08-23T19:21:07.0881056Z ##[group]Run just -f "$INFRA/ci/runner.just" stage-pr-diff "$REVIEW_BASE_REF"
slop / review	UNKNOWN STEP	2026-08-23T19:21:07.0881622Z ^[[36;1mjust -f "$INFRA/ci/runner.just" stage-pr-diff "$REVIEW_BASE_REF"^[[0m
slop / review	UNKNOWN STEP	2026-08-23T19:21:07.0919625Z shell: /usr/bin/bash -e {0}
slop / review	UNKNOWN STEP	2026-08-23T19:21:07.0919892Z env:
slop / review	UNKNOWN STEP	2026-08-23T19:21:07.0920097Z   REVIEW_REPORT_TYPE: slop
slop / review	UNKNOWN STEP	2026-08-23T19:21:07.0920340Z   REVIEW_SCOPE: diff
slop / review	UNKNOWN STEP	2026-08-23T19:21:07.0920559Z   REVIEW_INFRA_REF: main
slop / review	UNKNOWN STEP	2026-08-23T19:21:07.0920785Z   REVIEW_PR_NUMBER: 3
slop / review	UNKNOWN STEP	2026-08-23T19:21:07.0921001Z   REVIEW_BASE_REF: main
slop / review	UNKNOWN STEP	2026-08-23T19:21:07.0921222Z   REVIEW_POLICY_PATHS: 
slop / review	UNKNOWN STEP	2026-08-23T19:21:07.0921446Z   REVIEW_FOCUS_PROMPT: 
slop / review	UNKNOWN STEP	2026-08-23T19:21:07.0921661Z   REVIEW_CONTEXT_ARCHIVE: 
slop / review	UNKNOWN STEP	2026-08-23T19:21:07.0921893Z   REVIEW_DELIVERY: sarif
slop / review	UNKNOWN STEP	2026-08-23T19:21:07.0922116Z   REVIEW_PARENT_ISSUE: 0
slop / review	UNKNOWN STEP	2026-08-23T19:21:07.0922373Z   INFRA: /home/runner/work/_temp/ai-review-ci
slop / review	UNKNOWN STEP	2026-08-23T19:21:07.0922736Z   pythonLocation: /opt/hostedtoolcache/Python/3.14.7/x64
slop / review	UNKNOWN STEP	2026-08-23T19:21:07.0923190Z   PKG_CONFIG_PATH: /opt/hostedtoolcache/Python/3.14.7/x64/lib/pkgconfig
slop / review	UNKNOWN STEP	2026-08-23T19:21:07.0923608Z   Python_ROOT_DIR: /opt/hostedtoolcache/Python/3.14.7/x64
slop / review	UNKNOWN STEP	2026-08-23T19:21:07.0923977Z   Python2_ROOT_DIR: /opt/hostedtoolcache/Python/3.14.7/x64
slop / review	UNKNOWN STEP	2026-08-23T19:21:07.0924347Z   Python3_ROOT_DIR: /opt/hostedtoolcache/Python/3.14.7/x64
slop / review	UNKNOWN STEP	2026-08-23T19:21:07.0924744Z   LD_LIBRARY_PATH: /opt/hostedtoolcache/Python/3.14.7/x64/lib
slop / review	UNKNOWN STEP	2026-08-23T19:21:07.0925079Z ##[endgroup]
slop / review	UNKNOWN STEP	2026-08-23T19:21:07.1013804Z git -C /home/runner/work/sage-categories/sage-categories diff "origin/main...HEAD" > "${RUNNER_TEMP}/reviewer-diff.patch"
slop / review	UNKNOWN STEP	2026-08-23T19:21:07.1144107Z test -s "${RUNNER_TEMP}/reviewer-diff.patch"
slop / review	UNKNOWN STEP	2026-08-23T19:21:07.1159125Z if [ -d "/home/reviewer/repo" ]; then sudo cp "${RUNNER_TEMP}/reviewer-diff.patch" /home/reviewer/repo/.reviewer-diff.patch; sudo chown reviewer:reviewer /home/reviewer/repo/.reviewer-diff.patch; fi
slop / review	UNKNOWN STEP	2026-08-23T19:21:07.1374014Z ##[group]Run just -f "$INFRA/ci/runner.just" run-review "$REVIEW_REPORT_TYPE" "$REVIEW_SCOPE"
slop / review	UNKNOWN STEP	2026-08-23T19:21:07.1374725Z ^[[36;1mjust -f "$INFRA/ci/runner.just" run-review "$REVIEW_REPORT_TYPE" "$REVIEW_SCOPE"^[[0m
slop / review	UNKNOWN STEP	2026-08-23T19:21:07.1413422Z shell: /usr/bin/bash -e {0}
slop / review	UNKNOWN STEP	2026-08-23T19:21:07.1413680Z env:
slop / review	UNKNOWN STEP	2026-08-23T19:21:07.1413881Z   REVIEW_REPORT_TYPE: slop
slop / review	UNKNOWN STEP	2026-08-23T19:21:07.1414118Z   REVIEW_SCOPE: diff
slop / review	UNKNOWN STEP	2026-08-23T19:21:07.1414335Z   REVIEW_INFRA_REF: main
slop / review	UNKNOWN STEP	2026-08-23T19:21:07.1414560Z   REVIEW_PR_NUMBER: 3
slop / review	UNKNOWN STEP	2026-08-23T19:21:07.1414784Z   REVIEW_BASE_REF: main
slop / review	UNKNOWN STEP	2026-08-23T19:21:07.1415012Z   REVIEW_POLICY_PATHS: 
slop / review	UNKNOWN STEP	2026-08-23T19:21:07.1415235Z   REVIEW_FOCUS_PROMPT: 
slop / review	UNKNOWN STEP	2026-08-23T19:21:07.1415455Z   REVIEW_CONTEXT_ARCHIVE: 
slop / review	UNKNOWN STEP	2026-08-23T19:21:07.1415683Z   REVIEW_DELIVERY: sarif
slop / review	UNKNOWN STEP	2026-08-23T19:21:07.1415902Z   REVIEW_PARENT_ISSUE: 0
slop / review	UNKNOWN STEP	2026-08-23T19:21:07.1416395Z   INFRA: /home/runner/work/_temp/ai-review-ci
slop / review	UNKNOWN STEP	2026-08-23T19:21:07.1416790Z   pythonLocation: /opt/hostedtoolcache/Python/3.14.7/x64
slop / review	UNKNOWN STEP	2026-08-23T19:21:07.1417235Z   PKG_CONFIG_PATH: /opt/hostedtoolcache/Python/3.14.7/x64/lib/pkgconfig
slop / review	UNKNOWN STEP	2026-08-23T19:21:07.1417678Z   Python_ROOT_DIR: /opt/hostedtoolcache/Python/3.14.7/x64
slop / review	UNKNOWN STEP	2026-08-23T19:21:07.1418064Z   Python2_ROOT_DIR: /opt/hostedtoolcache/Python/3.14.7/x64
slop / review	UNKNOWN STEP	2026-08-23T19:21:07.1418441Z   Python3_ROOT_DIR: /opt/hostedtoolcache/Python/3.14.7/x64
slop / review	UNKNOWN STEP	2026-08-23T19:21:07.1418820Z   LD_LIBRARY_PATH: /opt/hostedtoolcache/Python/3.14.7/x64/lib
slop / review	UNKNOWN STEP	2026-08-23T19:21:07.1419411Z ##[endgroup]
slop / review	UNKNOWN STEP	2026-08-23T19:21:07.1516949Z sudo -u reviewer -H env PATH="/home/reviewer/bin:/usr/bin:/bin" HOME="/home/reviewer" XDG_CONFIG_HOME="/home/reviewer/.config" XDG_DATA_HOME="/home/reviewer/.local/share" XDG_STATE_HOME="/home/reviewer/.local/state" XDG_CACHE_HOME="/home/reviewer/.cache" REPORT_TYPE="slop" REVIEWER_REPO="/home/reviewer/repo" CONTROL_REPO="/home/runner/work/sage-categories/sage-categories" AI_REVIEW_OPENCODE_BIN="/usr/local/bin/opencode" AI_REVIEW_OPENCODE_TIMEOUT="600" AI_REVIEW_MAX_ATTEMPTS="5" AI_REVIEW_BACKOFF="5" AI_REVIEW_POLICY_PATHS="${REVIEW_POLICY_PATHS:-}" AI_REVIEW_FOCUS_PROMPT="${REVIEW_FOCUS_PROMPT:-}" bash -lc 'cd /home/reviewer/repo && /usr/local/bin/opencode --version && /usr/local/bin/uv run --project /home/reviewer/.review/infra ai-review-ci run-review --template "/home/reviewer/.review/infra/reviews/slop/template.md" --scope "/home/reviewer/.review/infra/reviews/scope-diff.md" --manifest "/home/reviewer/.review/infra/reviews/slop/manifest.txt" --reviewer-context .reviewer-context.md --policy-paths "$AI_REVIEW_POLICY_PATHS" --focus-prompt "$AI_REVIEW_FOCUS_PROMPT"'
slop / review	UNKNOWN STEP	2026-08-23T19:21:07.7736993Z 1.18.21
slop / review	UNKNOWN STEP	2026-08-23T19:21:08.0103087Z No entry for terminal type "unknown";
slop / review	UNKNOWN STEP	2026-08-23T19:21:08.0103687Z using dumb terminal settings.
slop / review	UNKNOWN STEP	2026-08-23T19:21:08.4128870Z --- opencode run attempt 1/5 ---
slop / review	UNKNOWN STEP	2026-08-23T19:28:45.4329704Z ^[[0m
slop / review	UNKNOWN STEP	2026-08-23T19:28:45.4330515Z > build · nemotron-3-ultra-free
slop / review	UNKNOWN STEP	2026-08-23T19:28:45.4331083Z ^[[0m
slop / review	UNKNOWN STEP	2026-08-23T19:28:45.4331685Z ^[[0m$ ^[[0mfind /home/reviewer/repo/src -name "*.py" | head -30
slop / review	UNKNOWN STEP	2026-08-23T19:28:45.4332344Z /home/reviewer/repo/src/sage_categories/__init__.py
slop / review	UNKNOWN STEP	2026-08-23T19:28:45.4332925Z /home/reviewer/repo/src/sage_categories/descriptors.py
slop / review	UNKNOWN STEP	2026-08-23T19:28:45.4333494Z /home/reviewer/repo/src/sage_categories/all.py
slop / review	UNKNOWN STEP	2026-08-23T19:28:45.4334151Z /home/reviewer/repo/src/sage_categories/abstract_categories/slice_categories.py
slop / review	UNKNOWN STEP	2026-08-23T19:28:45.4334944Z /home/reviewer/repo/src/sage_categories/abstract_categories/__init__.py
slop / review	UNKNOWN STEP	2026-08-23T19:28:45.4335770Z /home/reviewer/repo/src/sage_categories/abstract_categories/functor_images.py
slop / review	UNKNOWN STEP	2026-08-23T19:28:45.4337037Z /home/reviewer/repo/src/sage_categories/abstract_categories/hom_categories.py
slop / review	UNKNOWN STEP	2026-08-23T19:28:45.4337578Z /home/reviewer/repo/src/sage_categories/abstract_categories/products.py
slop / review	UNKNOWN STEP	2026-08-23T19:28:45.4338069Z /home/reviewer/repo/src/sage_categories/abstract_categories/functors.py
slop / review	UNKNOWN STEP	2026-08-23T19:28:45.4338524Z /home/reviewer/repo/src/sage_categories/abstract_categories/cat.py
slop / review	UNKNOWN STEP	2026-08-23T19:28:45.4339601Z /home/reviewer/repo/src/sage_categories/abstract_categories/arrow_categories.py
slop / review	UNKNOWN STEP	2026-08-23T19:28:45.4340160Z /home/reviewer/repo/src/sage_categories/abstract_categories/category_constructions.py
slop / review	UNKNOWN STEP	2026-08-23T19:28:45.4340660Z /home/reviewer/repo/src/sage_categories/theories/__init__.py
slop / review	UNKNOWN STEP	2026-08-23T19:28:45.4341062Z /home/reviewer/repo/src/sage_categories/theories/posets.py
slop / review	UNKNOWN STEP	2026-08-23T19:28:45.4341471Z /home/reviewer/repo/src/sage_categories/theories/ordinals.py
slop / review	UNKNOWN STEP	2026-08-23T19:28:45.4341870Z /home/reviewer/repo/src/sage_categories/theories/cardinals.py
slop / review	UNKNOWN STEP	2026-08-23T19:28:45.4342273Z /home/reviewer/repo/src/sage_categories/theories/number_sets.py
slop / review	UNKNOWN STEP	2026-08-23T19:28:45.4342664Z /home/reviewer/repo/src/sage_categories/theories/sets.py
slop / review	UNKNOWN STEP	2026-08-23T19:28:45.4343045Z /home/reviewer/repo/src/sage_categories/backends/__init__.py
slop / review	UNKNOWN STEP	2026-08-23T19:28:45.4343452Z /home/reviewer/repo/src/sage_categories/backends/sage/__init__.py
slop / review	UNKNOWN STEP	2026-08-23T19:28:45.4343898Z /home/reviewer/repo/src/sage_categories/backends/sage/finite_posets.py
slop / review	UNKNOWN STEP	2026-08-23T19:28:45.4344311Z /home/reviewer/repo/src/sage_categories/values.py
slop / review	UNKNOWN STEP	2026-08-23T19:28:45.4344654Z /home/reviewer/repo/src/sage_categories/compiler.py
slop / review	UNKNOWN STEP	2026-08-23T19:28:45.4344994Z /home/reviewer/repo/src/sage_categories/category.py
slop / review	UNKNOWN STEP	2026-08-23T19:28:45.4345344Z ^[[0m
slop / review	UNKNOWN STEP	2026-08-23T19:28:45.4346288Z ^[[0m→ ^[[0mRead src/sage_categories/compiler.py
slop / review	UNKNOWN STEP	2026-08-23T19:28:45.4346819Z ^[[0m→ ^[[0mRead src/sage_categories/theories/sets.py^[[90m [limit=200]^[[0m
slop / review	UNKNOWN STEP	2026-08-23T19:28:45.4347417Z ^[[0m→ ^[[0mRead src/sage_categories/theories/sets.py^[[90m [limit=100, offset=170]^[[0m
slop / review	UNKNOWN STEP	2026-08-23T19:28:45.4347877Z ^[[0m→ ^[[0mRead tests/test_sets.sage
slop / review	UNKNOWN STEP	2026-08-23T19:28:45.4348175Z ^[[0m→ ^[[0mRead tests/test_cat.sage
slop / review	UNKNOWN STEP	2026-08-23T19:28:45.4348614Z ^[[0m→ ^[[0mRead src/sage_categories/theories/sets.py^[[90m [offset=570, limit=50]^[[0m
slop / review	UNKNOWN STEP	2026-08-23T19:28:45.4349195Z ^[[0m→ ^[[0mRead src/sage_categories/compiler.py^[[90m [offset=310, limit=50]^[[0m
slop / review	UNKNOWN STEP	2026-08-23T19:28:45.4349581Z ^[[0m
slop / review	UNKNOWN STEP	2026-08-23T19:28:45.4349777Z ^[[0m# ^[[0mTodos
slop / review	UNKNOWN STEP	2026-08-23T19:28:45.4350105Z [✓] Analyze slop patterns in compiler.py and sets.py
slop / review	UNKNOWN STEP	2026-08-23T19:28:45.4350559Z [✓] Verify issue #4 acceptance criteria against implementation
slop / review	UNKNOWN STEP	2026-08-23T19:28:45.4350944Z [✓] Check for proof-laundering in tests
slop / review	UNKNOWN STEP	2026-08-23T19:28:45.4351257Z [•] Write review report with findings
slop / review	UNKNOWN STEP	2026-08-23T19:28:45.4351525Z ^[[0m
slop / review	UNKNOWN STEP	2026-08-23T19:28:45.4351832Z ^[[0m← ^[[0mWrite .agents/review-runner/candidates/submitted.json
slop / review	UNKNOWN STEP	2026-08-23T19:28:45.4352172Z Wrote file successfully.
slop / review	UNKNOWN STEP	2026-08-23T19:28:45.4352400Z ^[[0m
slop / review	UNKNOWN STEP	2026-08-23T19:28:45.4352644Z ^[[0m$ ^[[0m/home/reviewer/bin/submit-candidate
slop / review	UNKNOWN STEP	2026-08-23T19:28:45.4352980Z Building ai-review-ci @ file:///opt/ai-review/private
slop / review	UNKNOWN STEP	2026-08-23T19:28:45.4353343Z       Built ai-review-ci @ file:///opt/ai-review/private
slop / review	UNKNOWN STEP	2026-08-23T19:28:45.4353664Z Uninstalled 1 package in 0.41ms
slop / review	UNKNOWN STEP	2026-08-23T19:28:45.4353917Z Installed 1 package in 1ms
slop / review	UNKNOWN STEP	2026-08-23T19:28:45.4354163Z No entry for terminal type "unknown";
slop / review	UNKNOWN STEP	2026-08-23T19:28:45.4354434Z using dumb terminal settings.
slop / review	UNKNOWN STEP	2026-08-23T19:28:45.4354686Z Report validation FAILED:
slop / review	UNKNOWN STEP	2026-08-23T19:28:45.4354941Z   37 validation errors for SlopReport
slop / review	UNKNOWN STEP	2026-08-23T19:28:45.4355190Z review_scope
slop / review	UNKNOWN STEP	2026-08-23T19:28:45.4355679Z   Input should be a valid list [type=list_type, input_value='PR implementing the func...s foundation (issue #4)', input_type=str]
slop / review	UNKNOWN STEP	2026-08-23T19:28:45.4356717Z     For further information visit https://errors.pydantic.dev/2.13/v/list_type
slop / review	UNKNOWN STEP	2026-08-23T19:28:45.4357148Z findings.0.tier
slop / review	UNKNOWN STEP	2026-08-23T19:28:45.4357586Z   Field required [type=missing, input_value={'label': 'SLOP', 'patter...bstraction mechanisms."}, input_type=dict]
slop / review	UNKNOWN STEP	2026-08-23T19:28:45.4358206Z     For further information visit https://errors.pydantic.dev/2.13/v/missing
slop / review	UNKNOWN STEP	2026-08-23T19:28:45.4358611Z findings.0.category
slop / review	UNKNOWN STEP	2026-08-23T19:28:45.4359061Z   Field required [type=missing, input_value={'label': 'SLOP', 'patter...bstraction mechanisms."}, input_type=dict]
slop / review	UNKNOWN STEP	2026-08-23T19:28:45.4359675Z     For further information visit https://errors.pydantic.dev/2.13/v/missing
slop / review	UNKNOWN STEP	2026-08-23T19:28:45.4360071Z findings.0.location.start_line
slop / review	UNKNOWN STEP	2026-08-23T19:28:45.4360871Z   Field required [type=missing, input_value={'path': 'src/sage_catego...lines': [176, 177, 178]}, input_type=dict]
slop / review	UNKNOWN STEP	2026-08-23T19:28:45.4361483Z     For further information visit https://errors.pydantic.dev/2.13/v/missing
slop / review	UNKNOWN STEP	2026-08-23T19:28:45.4361877Z findings.0.location.end_line
slop / review	UNKNOWN STEP	2026-08-23T19:28:45.4362338Z   Field required [type=missing, input_value={'path': 'src/sage_catego...lines': [176, 177, 178]}, input_type=dict]
slop / review	UNKNOWN STEP	2026-08-23T19:28:45.4362941Z     For further information visit https://errors.pydantic.dev/2.13/v/missing
slop / review	UNKNOWN STEP	2026-08-23T19:28:45.4363331Z findings.0.violated_invariant
slop / review	UNKNOWN STEP	2026-08-23T19:28:45.4364738Z   Value error, REJECTED: violated_invariant contains prohibited pattern '-O'. FIX: violated_invariant must name a specific violated contract or behavior. Bad: 'clean code'. Good: 'The agent suppresses stderr to construct synthetic fallback results instead of failing on missing files'. [type=value_error, input_value='Python assertions are st...sses in optimized mode.', input_type=str]
slop / review	UNKNOWN STEP	2026-08-23T19:28:45.4367040Z     For further information visit https://errors.pydantic.dev/2.13/v/value_error
slop / review	UNKNOWN STEP	2026-08-23T19:28:45.4367725Z findings.0.evidence.0.lines
slop / review	UNKNOWN STEP	2026-08-23T19:28:45.4368496Z   List should have at most 2 items after validation, not 3 [type=too_long, input_value=[176, 177, 178], input_type=list]
slop / review	UNKNOWN STEP	2026-08-23T19:28:45.4369538Z     For further information visit https://errors.pydantic.dev/2.13/v/too_long
slop / review	UNKNOWN STEP	2026-08-23T19:28:45.4370028Z findings.1.tier
slop / review	UNKNOWN STEP	2026-08-23T19:28:45.4370455Z   Field required [type=missing, input_value={'label': 'SLOP', 'patter...ling it at call sites."}, input_type=dict]
slop / review	UNKNOWN STEP	2026-08-23T19:28:45.4371070Z     For further information visit https://errors.pydantic.dev/2.13/v/missing
slop / review	UNKNOWN STEP	2026-08-23T19:28:45.4371460Z findings.1.category
slop / review	UNKNOWN STEP	2026-08-23T19:28:45.4371883Z   Field required [type=missing, input_value={'label': 'SLOP', 'patter...ling it at call sites."}, input_type=dict]
slop / review	UNKNOWN STEP	2026-08-23T19:28:45.4372495Z     For further information visit https://errors.pydantic.dev/2.13/v/missing
slop / review	UNKNOWN STEP	2026-08-23T19:28:45.4372905Z findings.1.location.start_line
slop / review	UNKNOWN STEP	2026-08-23T19:28:45.4373372Z   Field required [type=missing, input_value={'path': 'src/sage_catego...82, 183, 184, 185, 186]}, input_type=dict]
slop / review	UNKNOWN STEP	2026-08-23T19:28:45.4373971Z     For further information visit https://errors.pydantic.dev/2.13/v/missing
slop / review	UNKNOWN STEP	2026-08-23T19:28:45.4374365Z findings.1.location.end_line
slop / review	UNKNOWN STEP	2026-08-23T19:28:45.4374822Z   Field required [type=missing, input_value={'path': 'src/sage_catego...82, 183, 184, 185, 186]}, input_type=dict]
slop / review	UNKNOWN STEP	2026-08-23T19:28:45.4375421Z     For further information visit https://errors.pydantic.dev/2.13/v/missing
slop / review	UNKNOWN STEP	2026-08-23T19:28:45.4375813Z findings.1.evidence.0.lines
slop / review	UNKNOWN STEP	2026-08-23T19:28:45.4376696Z   List should have at most 2 items after validation, not 7 [type=too_long, input_value=[180, 181, 182, 183, 184, 185, 186], input_type=list]
slop / review	UNKNOWN STEP	2026-08-23T19:28:45.4377397Z     For further information visit https://errors.pydantic.dev/2.13/v/too_long
slop / review	UNKNOWN STEP	2026-08-23T19:28:45.4377788Z findings.2.tier
slop / review	UNKNOWN STEP	2026-08-23T19:28:45.4378236Z   Field required [type=missing, input_value={'label': 'SLOP', 'patter...aracteristic function."}, input_type=dict]
slop / review	UNKNOWN STEP	2026-08-23T19:28:45.4378852Z     For further information visit https://errors.pydantic.dev/2.13/v/missing
slop / review	UNKNOWN STEP	2026-08-23T19:28:45.4379241Z findings.2.category
slop / review	UNKNOWN STEP	2026-08-23T19:28:45.4379684Z   Field required [type=missing, input_value={'label': 'SLOP', 'patter...aracteristic function."}, input_type=dict]
slop / review	UNKNOWN STEP	2026-08-23T19:28:45.4380291Z     For further information visit https://errors.pydantic.dev/2.13/v/missing
slop / review	UNKNOWN STEP	2026-08-23T19:28:45.4380686Z findings.2.location.start_line
slop / review	UNKNOWN STEP	2026-08-23T19:28:45.4381145Z   Field required [type=missing, input_value={'path': 'src/sage_catego...93, 594, 595, 596, 597]}, input_type=dict]
slop / review	UNKNOWN STEP	2026-08-23T19:28:45.4381750Z     For further information visit https://errors.pydantic.dev/2.13/v/missing
slop / review	UNKNOWN STEP	2026-08-23T19:28:45.4382139Z findings.2.location.end_line
slop / review	UNKNOWN STEP	2026-08-23T19:28:45.4382780Z   Field required [type=missing, input_value={'path': 'src/sage_catego...93, 594, 595, 596, 597]}, input_type=dict]
slop / review	UNKNOWN STEP	2026-08-23T19:28:45.4383510Z     For further information visit https://errors.pydantic.dev/2.13/v/missing
slop / review	UNKNOWN STEP	2026-08-23T19:28:45.4383899Z findings.2.evidence.0.lines
slop / review	UNKNOWN STEP	2026-08-23T19:28:45.4384417Z   List should have at most 2 items after validation, not 6 [type=too_long, input_value=[592, 593, 594, 595, 596, 597], input_type=list]
slop / review	UNKNOWN STEP	2026-08-23T19:28:45.4385080Z     For further information visit https://errors.pydantic.dev/2.13/v/too_long
slop / review	UNKNOWN STEP	2026-08-23T19:28:45.4385466Z findings.3.tier
slop / review	UNKNOWN STEP	2026-08-23T19:28:45.4385892Z   Field required [type=missing, input_value={'label': 'SLOP', 'patter...er's validation logic."}, input_type=dict]
slop / review	UNKNOWN STEP	2026-08-23T19:28:45.4386814Z     For further information visit https://errors.pydantic.dev/2.13/v/missing
slop / review	UNKNOWN STEP	2026-08-23T19:28:45.4387195Z findings.3.category
slop / review	UNKNOWN STEP	2026-08-23T19:28:45.4387625Z   Field required [type=missing, input_value={'label': 'SLOP', 'patter...er's validation logic."}, input_type=dict]
slop / review	UNKNOWN STEP	2026-08-23T19:28:45.4388227Z     For further information visit https://errors.pydantic.dev/2.13/v/missing
slop / review	UNKNOWN STEP	2026-08-23T19:28:45.4388621Z findings.3.location.start_line
slop / review	UNKNOWN STEP	2026-08-23T19:28:45.4389077Z   Field required [type=missing, input_value={'path': 'src/sage_catego...lines': [314, 320, 334]}, input_type=dict]
slop / review	UNKNOWN STEP	2026-08-23T19:28:45.4389696Z     For further information visit https://errors.pydantic.dev/2.13/v/missing
slop / review	UNKNOWN STEP	2026-08-23T19:28:45.4390091Z findings.3.location.end_line
slop / review	UNKNOWN STEP	2026-08-23T19:28:45.4390542Z   Field required [type=missing, input_value={'path': 'src/sage_catego...lines': [314, 320, 334]}, input_type=dict]
slop / review	UNKNOWN STEP	2026-08-23T19:28:45.4391137Z     For further information visit https://errors.pydantic.dev/2.13/v/missing
slop / review	UNKNOWN STEP	2026-08-23T19:28:45.4391522Z findings.3.evidence.0.lines
slop / review	UNKNOWN STEP	2026-08-23T19:28:45.4391999Z   List should have at most 2 items after validation, not 3 [type=too_long, input_value=[314, 320, 334], input_type=list]
slop / review	UNKNOWN STEP	2026-08-23T19:28:45.4392616Z     For further information visit https://errors.pydantic.dev/2.13/v/too_long
slop / review	UNKNOWN STEP	2026-08-23T19:28:45.4392993Z findings.4.tier
slop / review	UNKNOWN STEP	2026-08-23T19:28:45.4393430Z   Field required [type=missing, input_value={'label': 'SLOP', 'patter...ary-crossing behavior.'}, input_type=dict]
slop / review	UNKNOWN STEP	2026-08-23T19:28:45.4394035Z     For further information visit https://errors.pydantic.dev/2.13/v/missing
slop / review	UNKNOWN STEP	2026-08-23T19:28:45.4394408Z findings.4.category
slop / review	UNKNOWN STEP	2026-08-23T19:28:45.4394832Z   Field required [type=missing, input_value={'label': 'SLOP', 'patter...ary-crossing behavior.'}, input_type=dict]
slop / review	UNKNOWN STEP	2026-08-23T19:28:45.4395439Z     For further information visit https://errors.pydantic.dev/2.13/v/missing
slop / review	UNKNOWN STEP	2026-08-23T19:28:45.4395825Z findings.4.location.start_line
slop / review	UNKNOWN STEP	2026-08-23T19:28:45.4396488Z   Field required [type=missing, input_value={'path': 'tests/test_sets..., 'lines': [43, 44, 45]}, input_type=dict]
slop / review	UNKNOWN STEP	2026-08-23T19:28:45.4397176Z     For further information visit https://errors.pydantic.dev/2.13/v/missing
slop / review	UNKNOWN STEP	2026-08-23T19:28:45.4397599Z findings.4.location.end_line
slop / review	UNKNOWN STEP	2026-08-23T19:28:45.4398054Z   Field required [type=missing, input_value={'path': 'tests/test_sets..., 'lines': [43, 44, 45]}, input_type=dict]
slop / review	UNKNOWN STEP	2026-08-23T19:28:45.4398649Z     For further information visit https://errors.pydantic.dev/2.13/v/missing
slop / review	UNKNOWN STEP	2026-08-23T19:28:45.4399034Z findings.4.evidence.0.lines
slop / review	UNKNOWN STEP	2026-08-23T19:28:45.4399498Z   List should have at most 2 items after validation, not 3 [type=too_long, input_value=[43, 44, 45], input_type=list]
slop / review	UNKNOWN STEP	2026-08-23T19:28:45.4400103Z     For further information visit https://errors.pydantic.dev/2.13/v/too_long
slop / review	UNKNOWN STEP	2026-08-23T19:28:45.4400479Z findings.5.tier
slop / review	UNKNOWN STEP	2026-08-23T19:28:45.4400906Z   Field required [type=missing, input_value={'label': 'SLOP SUSPECT',...without justification."}, input_type=dict]
slop / review	UNKNOWN STEP	2026-08-23T19:28:45.4401510Z     For further information visit https://errors.pydantic.dev/2.13/v/missing
slop / review	UNKNOWN STEP	2026-08-23T19:28:45.4401891Z findings.5.category
slop / review	UNKNOWN STEP	2026-08-23T19:28:45.4402318Z   Field required [type=missing, input_value={'label': 'SLOP SUSPECT',...without justification."}, input_type=dict]
slop / review	UNKNOWN STEP	2026-08-23T19:28:45.4402915Z     For further information visit https://errors.pydantic.dev/2.13/v/missing
slop / review	UNKNOWN STEP	2026-08-23T19:28:45.4403618Z findings.5.location.start_line
slop / review	UNKNOWN STEP	2026-08-23T19:28:45.4404085Z   Field required [type=missing, input_value={'path': 'tests/test_sets...30, 231, 232, 233, 234]}, input_type=dict]
slop / review	UNKNOWN STEP	2026-08-23T19:28:45.4404691Z     For further information visit https://errors.pydantic.dev/2.13/v/missing
slop / review	UNKNOWN STEP	2026-08-23T19:28:45.4405078Z findings.5.location.end_line
slop / review	UNKNOWN STEP	2026-08-23T19:28:45.4405525Z   Field required [type=missing, input_value={'path': 'tests/test_sets...30, 231, 232, 233, 234]}, input_type=dict]
slop / review	UNKNOWN STEP	2026-08-23T19:28:45.4406377Z     For further information visit https://errors.pydantic.dev/2.13/v/missing
slop / review	UNKNOWN STEP	2026-08-23T19:28:45.4406769Z findings.5.evidence.0.lines
slop / review	UNKNOWN STEP	2026-08-23T19:28:45.4407343Z   List should have at most 2 items after validation, not 54 [type=too_long, input_value=[134, 135, 136, 137, 194,...230, 231, 232, 233, 234], input_type=list]
slop / review	UNKNOWN STEP	2026-08-23T19:28:45.4408067Z     For further information visit https://errors.pydantic.dev/2.13/v/too_long
slop / review	UNKNOWN STEP	2026-08-23T19:28:45.4408446Z findings.6.tier
slop / review	UNKNOWN STEP	2026-08-23T19:28:45.4408879Z   Field required [type=missing, input_value={'label': 'SLOP', 'patter...tically required data.'}, input_type=dict]
slop / review	UNKNOWN STEP	2026-08-23T19:28:45.4409483Z     For further information visit https://errors.pydantic.dev/2.13/v/missing
slop / review	UNKNOWN STEP	2026-08-23T19:28:45.4409853Z findings.6.category
slop / review	UNKNOWN STEP	2026-08-23T19:28:45.4410276Z   Field required [type=missing, input_value={'label': 'SLOP', 'patter...tically required data.'}, input_type=dict]
slop / review	UNKNOWN STEP	2026-08-23T19:28:45.4410869Z     For further information visit https://errors.pydantic.dev/2.13/v/missing
slop / review	UNKNOWN STEP	2026-08-23T19:28:45.4411254Z findings.6.location.start_line
slop / review	UNKNOWN STEP	2026-08-23T19:28:45.4411725Z   Field required [type=missing, input_value={'path': 'src/sage_catego...ets.py', 'lines': [171]}, input_type=dict]
slop / review	UNKNOWN STEP	2026-08-23T19:28:45.4412320Z     For further information visit https://errors.pydantic.dev/2.13/v/missing
slop / review	UNKNOWN STEP	2026-08-23T19:28:45.4412706Z findings.6.location.end_line
slop / review	UNKNOWN STEP	2026-08-23T19:28:45.4413176Z   Field required [type=missing, input_value={'path': 'src/sage_catego...ets.py', 'lines': [171]}, input_type=dict]
slop / review	UNKNOWN STEP	2026-08-23T19:28:45.4413786Z     For further information visit https://errors.pydantic.dev/2.13/v/missing
slop / review	UNKNOWN STEP	2026-08-23T19:28:45.4414170Z findings.6.evidence.0.lines
slop / review	UNKNOWN STEP	2026-08-23T19:28:45.4414619Z   List should have at least 2 items after validation, not 1 [type=too_short, input_value=[171], input_type=list]
slop / review	UNKNOWN STEP	2026-08-23T19:28:45.4415238Z     For further information visit https://errors.pydantic.dev/2.13/v/too_short
slop / review	UNKNOWN STEP	2026-08-23T19:28:45.4415704Z ^[[0m
slop / review	UNKNOWN STEP	2026-08-23T19:28:45.4416199Z ^[[0m$ ^[[0m/home/reviewer/bin/submit-candidate --help
slop / review	UNKNOWN STEP	2026-08-23T19:28:45.4416683Z submit-candidate — validate and submit a review report
slop / review	UNKNOWN STEP	2026-08-23T19:28:45.4416919Z 
slop / review	UNKNOWN STEP	2026-08-23T19:28:45.4416998Z Usage:
slop / review	UNKNOWN STEP	2026-08-23T19:28:45.4417254Z   submit-candidate            # validate and submit (default)
slop / review	UNKNOWN STEP	2026-08-23T19:28:45.4417622Z   submit-candidate --help     # print this message
slop / review	UNKNOWN STEP	2026-08-23T19:28:45.4417842Z 
slop / review	UNKNOWN STEP	2026-08-23T19:28:45.4418041Z Write the report JSON to .agents/review-runner/candidates/submitted.json,
slop / review	UNKNOWN STEP	2026-08-23T19:28:45.4418454Z then run this script with no arguments.
slop / review	UNKNOWN STEP	2026-08-23T19:28:45.4418641Z 
slop / review	UNKNOWN STEP	2026-08-23T19:28:45.4418792Z The script validates the report against pydantic models.
slop / review	UNKNOWN STEP	2026-08-23T19:28:45.4419146Z On success, exits 0. On failure, prints errors with
slop / review	UNKNOWN STEP	2026-08-23T19:28:45.4419574Z FIX: guidance and exits non-zero — fix the same file and re-run.
slop / review	UNKNOWN STEP	2026-08-23T19:28:45.4419831Z 
slop / review	UNKNOWN STEP	2026-08-23T19:28:45.4420068Z Your report contains analysis only — run provenance (commit, ref) is
slop / review	UNKNOWN STEP	2026-08-23T19:28:45.4420452Z attached by the CI pipeline, not by you.
slop / review	UNKNOWN STEP	2026-08-23T19:28:45.4420642Z 
slop / review	UNKNOWN STEP	2026-08-23T19:28:45.4420831Z Every path (review_scope, location.path, evidence[].path) must be a real
slop / review	UNKNOWN STEP	2026-08-23T19:28:45.4421482Z file in the repository, relative to the repo root, and every line range
slop / review	UNKNOWN STEP	2026-08-23T19:28:45.4422049Z must lie within the file.
slop / review	UNKNOWN STEP	2026-08-23T19:28:45.4422201Z 
slop / review	UNKNOWN STEP	2026-08-23T19:28:45.4422423Z Do not include "score" or "report" fields — they are rejected.
slop / review	UNKNOWN STEP	2026-08-23T19:28:45.4422668Z 
slop / review	UNKNOWN STEP	2026-08-23T19:28:45.4423117Z The structural example below shows the expected JSON shape.
slop / review	UNKNOWN STEP	2026-08-23T19:28:45.4423637Z Validator error messages teach the field-level constraints — do not read the
slop / review	UNKNOWN STEP	2026-08-23T19:28:45.4424141Z validator script directly; it is root-owned and not available to the agent.
slop / review	UNKNOWN STEP	2026-08-23T19:28:45.4424442Z 
slop / review	UNKNOWN STEP	2026-08-23T19:28:45.4424632Z Example (general report — slop uses SlopFinding fields):
slop / review	UNKNOWN STEP	2026-08-23T19:28:45.4424872Z 
slop / review	UNKNOWN STEP	2026-08-23T19:28:45.4425010Z Full JSON Schema (auto-generated from pydantic models):
slop / review	UNKNOWN STEP	2026-08-23T19:28:45.4425238Z 
slop / review	UNKNOWN STEP	2026-08-23T19:28:45.4425343Z No entry for terminal type "unknown";
slop / review	UNKNOWN STEP	2026-08-23T19:28:45.4425610Z using dumb terminal settings.
slop / review	UNKNOWN STEP	2026-08-23T19:28:45.4425840Z {
slop / review	UNKNOWN STEP	2026-08-23T19:28:45.4426339Z   "$defs": {
slop / review	UNKNOWN STEP	2026-08-23T19:28:45.4426547Z     "Evidence": {
slop / review	UNKNOWN STEP	2026-08-23T19:28:45.4426757Z       "properties": {
slop / review	UNKNOWN STEP	2026-08-23T19:28:45.4426962Z         "kind": {
slop / review	UNKNOWN STEP	2026-08-23T19:28:45.4427288Z           "description": "Evidence type: file-read, diff-snippet, command-output.",
slop / review	UNKNOWN STEP	2026-08-23T19:28:45.4427705Z           "title": "Kind",
slop / review	UNKNOWN STEP	2026-08-23T19:28:45.4427927Z           "type": "string"
slop / review	UNKNOWN STEP	2026-08-23T19:28:45.4428134Z         },
slop / review	UNKNOWN STEP	2026-08-23T19:28:45.4428319Z         "path": {
slop / review	UNKNOWN STEP	2026-08-23T19:28:45.4428715Z           "description": "Evidence file path relative to repo root. Must exist in the reviewed checkout.",
slop / review	UNKNOWN STEP	2026-08-23T19:28:45.4429175Z           "format": "path",
slop / review	UNKNOWN STEP	2026-08-23T19:28:45.4429411Z           "title": "Path",
slop / review	UNKNOWN STEP	2026-08-23T19:28:45.4429628Z           "type": "string"
slop / review	UNKNOWN STEP	2026-08-23T19:28:45.4429837Z         },
slop / review	UNKNOWN STEP	2026-08-23T19:28:45.4430020Z         "lines": {
slop / review	UNKNOWN STEP	2026-08-23T19:28:45.4430346Z           "description": "Line range [start, end] this evidence covers (1-indexed).",
slop / review	UNKNOWN STEP	2026-08-23T19:28:45.4430728Z           "items": {
slop / review	UNKNOWN STEP	2026-08-23T19:28:45.4430939Z             "minimum": 1,
slop / review	UNKNOWN STEP	2026-08-23T19:28:45.4431178Z             "type": "integer"
slop / review	UNKNOWN STEP	2026-08-23T19:28:45.4431402Z           },
slop / review	UNKNOWN STEP	2026-08-23T19:28:45.4431596Z           "maxItems": 2,
slop / review	UNKNOWN STEP	2026-08-23T19:28:45.4431819Z           "minItems": 2,
slop / review	UNKNOWN STEP	2026-08-23T19:28:45.4432040Z           "title": "Lines",
slop / review	UNKNOWN STEP	2026-08-23T19:28:45.4432272Z           "type": "array"
slop / review	UNKNOWN STEP	2026-08-23T19:28:45.4432482Z         }
slop / review	UNKNOWN STEP	2026-08-23T19:28:45.4432656Z       },
slop / review	UNKNOWN STEP	2026-08-23T19:28:45.4432838Z       "required": [
slop / review	UNKNOWN STEP	2026-08-23T19:28:45.4433032Z         "kind",
slop / review	UNKNOWN STEP	2026-08-23T19:28:45.4448494Z         "path",
slop / review	UNKNOWN STEP	2026-08-23T19:28:45.4448884Z         "lines"
slop / review	UNKNOWN STEP	2026-08-23T19:28:45.4449210Z       ],
slop / review	UNKNOWN STEP	2026-08-23T19:28:45.4449519Z       "title": "Evidence",
slop / review	UNKNOWN STEP	2026-08-23T19:28:45.4449889Z       "type": "object"
slop / review	UNKNOWN STEP	2026-08-23T19:28:45.4450217Z     },
slop / review	UNKNOWN STEP	2026-08-23T19:28:45.4450507Z     "Location": {
slop / review	UNKNOWN STEP	2026-08-23T19:28:45.4450849Z       "properties": {
slop / review	UNKNOWN STEP	2026-08-23T19:28:45.4451178Z         "path": {
slop / review	UNKNOWN STEP	2026-08-23T19:28:45.4451672Z           "description": "File path relative to repo root. Must exist in the reviewed checkout.",
slop / review	UNKNOWN STEP	2026-08-23T19:28:45.4452129Z           "format": "path",
slop / review	UNKNOWN STEP	2026-08-23T19:28:45.4452365Z           "title": "Path",
slop / review	UNKNOWN STEP	2026-08-23T19:28:45.4452585Z           "type": "string"
slop / review	UNKNOWN STEP	2026-08-23T19:28:45.4452799Z         },
slop / review	UNKNOWN STEP	2026-08-23T19:28:45.4453016Z         "start_line": {
slop / review	UNKNOWN STEP	2026-08-23T19:28:45.4453283Z           "description": "Finding start line (1-indexed).",
slop / review	UNKNOWN STEP	2026-08-23T19:28:45.4453592Z           "minimum": 1,
slop / review	UNKNOWN STEP	2026-08-23T19:28:45.4453821Z           "title": "Start Line",
slop / review	UNKNOWN STEP	2026-08-23T19:28:45.4454064Z           "type": "integer"
slop / review	UNKNOWN STEP	2026-08-23T19:28:45.4454278Z         },
slop / review	UNKNOWN STEP	2026-08-23T19:28:45.4454460Z         "end_line": {
slop / review	UNKNOWN STEP	2026-08-23T19:28:45.4454712Z           "description": "Finding end line (1-indexed).",
slop / review	UNKNOWN STEP	2026-08-23T19:28:45.4455010Z           "minimum": 1,
slop / review	UNKNOWN STEP	2026-08-23T19:28:45.4455228Z           "title": "End Line",
slop / review	UNKNOWN STEP	2026-08-23T19:28:45.4455458Z           "type": "integer"
slop / review	UNKNOWN STEP	2026-08-23T19:28:45.4455665Z         }
slop / review	UNKNOWN STEP	2026-08-23T19:28:45.4455840Z       },
slop / review	UNKNOWN STEP	2026-08-23T19:28:45.4456275Z       "required": [
slop / review	UNKNOWN STEP	2026-08-23T19:28:45.4456489Z         "path",
slop / review	UNKNOWN STEP	2026-08-23T19:28:45.4456685Z         "start_line",
slop / review	UNKNOWN STEP	2026-08-23T19:28:45.4456884Z         "end_line"
slop / review	UNKNOWN STEP	2026-08-23T19:28:45.4457070Z       ],
slop / review	UNKNOWN STEP	2026-08-23T19:28:45.4457255Z       "title": "Location",
slop / review	UNKNOWN STEP	2026-08-23T19:28:45.4457876Z       "type": "object"
slop / review	UNKNOWN STEP	2026-08-23T19:28:45.4458082Z     },
slop / review	UNKNOWN STEP	2026-08-23T19:28:45.4458274Z     "SlopFinding": {
slop / review	UNKNOWN STEP	2026-08-23T19:28:45.4458499Z       "additionalProperties": false,
slop / review	UNKNOWN STEP	2026-08-23T19:28:45.4458761Z       "properties": {
slop / review	UNKNOWN STEP	2026-08-23T19:28:45.4458960Z         "tier": {
slop / review	UNKNOWN STEP	2026-08-23T19:28:45.4460298Z           "description": "tier1: a concrete bridge-burning pattern \u2014 runtime default, fallback, suppressed error, mock-pretending-as-proof, or similar validation-evasion construct. tier2: speculative over-engineering, minor style deviation, or a pattern that could become harmful under implausible conditions. Low-signal categories are forced to tier2 by validation.",
slop / review	UNKNOWN STEP	2026-08-23T19:28:45.4461692Z           "enum": [
slop / review	UNKNOWN STEP	2026-08-23T19:28:45.4461888Z             "tier1",
slop / review	UNKNOWN STEP	2026-08-23T19:28:45.4462086Z             "tier2"
slop / review	UNKNOWN STEP	2026-08-23T19:28:45.4462270Z           ],
slop / review	UNKNOWN STEP	2026-08-23T19:28:45.4462470Z           "title": "Tier",
slop / review	UNKNOWN STEP	2026-08-23T19:28:45.4462694Z           "type": "string",
slop / review	UNKNOWN STEP	2026-08-23T19:28:45.4462944Z           "x-custom-validation": {
slop / review	UNKNOWN STEP	2026-08-23T19:28:45.4463319Z             "rule": "Low-signal categories require tier2. Cross-field with category.",
slop / review	UNKNOWN STEP	2026-08-23T19:28:45.4463737Z             "validator": "_tier_category_consistency"
slop / review	UNKNOWN STEP	2026-08-23T19:28:45.4464011Z           }
slop / review	UNKNOWN STEP	2026-08-23T19:28:45.4464185Z         },
slop / review	UNKNOWN STEP	2026-08-23T19:28:45.4464361Z         "label": {
slop / review	UNKNOWN STEP	2026-08-23T19:28:45.4464991Z           "description": "Finding disposition. SLOP is definite; SLOP SUSPECT is a credible slop pattern requiring human judgment. NOTE and clean-report labels are rejected.",
slop / review	UNKNOWN STEP	2026-08-23T19:28:45.4465676Z           "enum": [
slop / review	UNKNOWN STEP	2026-08-23T19:28:45.4465867Z             "SLOP",
slop / review	UNKNOWN STEP	2026-08-23T19:28:45.4466344Z             "SLOP SUSPECT"
slop / review	UNKNOWN STEP	2026-08-23T19:28:45.4466567Z           ],
slop / review	UNKNOWN STEP	2026-08-23T19:28:45.4466761Z           "title": "Label",
slop / review	UNKNOWN STEP	2026-08-23T19:28:45.4466981Z           "type": "string"
slop / review	UNKNOWN STEP	2026-08-23T19:28:45.4467191Z         },
slop / review	UNKNOWN STEP	2026-08-23T19:28:45.4467371Z         "category": {
slop / review	UNKNOWN STEP	2026-08-23T19:28:45.4468487Z           "description": "Slop pattern category from the anti-slop skill taxonomy. Look at policy-index and the bridge-burning inventory for grounded categories like: bridge-burning, runtime-control-flow, validation-evasion, defaults-and-fallbacks, proof-laundering, workflow, ci-pipeline, config.",
slop / review	UNKNOWN STEP	2026-08-23T19:28:45.4469647Z           "title": "Category",
slop / review	UNKNOWN STEP	2026-08-23T19:28:45.4469879Z           "type": "string"
slop / review	UNKNOWN STEP	2026-08-23T19:28:45.4470087Z         },
slop / review	UNKNOWN STEP	2026-08-23T19:28:45.4470270Z         "policy_code": {
slop / review	UNKNOWN STEP	2026-08-23T19:28:45.4470480Z           "anyOf": [
slop / review	UNKNOWN STEP	2026-08-23T19:28:45.4470671Z             {
slop / review	UNKNOWN STEP	2026-08-23T19:28:45.4470860Z               "type": "string"
slop / review	UNKNOWN STEP	2026-08-23T19:28:45.4471076Z             },
slop / review	UNKNOWN STEP	2026-08-23T19:28:45.4471254Z             {
slop / review	UNKNOWN STEP	2026-08-23T19:28:45.4471441Z               "type": "null"
slop / review	UNKNOWN STEP	2026-08-23T19:28:45.4471652Z             }
slop / review	UNKNOWN STEP	2026-08-23T19:28:45.4471830Z           ],
slop / review	UNKNOWN STEP	2026-08-23T19:28:45.4472330Z           "description": "Explicit POLICY.* code for the bridge-burning obligation this finding weakens; use null when no policy applies.",
slop / review	UNKNOWN STEP	2026-08-23T19:28:45.4472945Z           "title": "Policy Code"
slop / review	UNKNOWN STEP	2026-08-23T19:28:45.4473181Z         },
slop / review	UNKNOWN STEP	2026-08-23T19:28:45.4473365Z         "location": {
slop / review	UNKNOWN STEP	2026-08-23T19:28:45.4473585Z           "$ref": "#/$defs/Location",
slop / review	UNKNOWN STEP	2026-08-23T19:28:45.4473942Z           "description": "File and line range where the slop pattern occurs."
slop / review	UNKNOWN STEP	2026-08-23T19:28:45.4474293Z         },
slop / review	UNKNOWN STEP	2026-08-23T19:28:45.4474483Z         "violated_invariant": {
slop / review	UNKNOWN STEP	2026-08-23T19:28:45.4476321Z           "description": "A specific engineering invariant that is violated by the slop pattern. Must name a concrete contract (e.g., 'every error path fails loudly, but this code suppresses stderr'). Not a blanket judgment. Rejected patterns (blanket claims that name nothing specific): -O, optimized mode, clean code, no violation, nothing to report, looks (good|correct|fine|right|ok), no issues found, appears correct, everything (looks|seems|is).",
slop / review	UNKNOWN STEP	2026-08-23T19:28:45.4477920Z           "minLength": 20,
slop / review	UNKNOWN STEP	2026-08-23T19:28:45.4478159Z           "title": "Violated Invariant",
slop / review	UNKNOWN STEP	2026-08-23T19:28:45.4478715Z           "type": "string",
slop / review	UNKNOWN STEP	2026-08-23T19:28:45.4478961Z           "x-custom-validation": {
slop / review	UNKNOWN STEP	2026-08-23T19:28:45.4479886Z             "rule": "Must name a specific falsifiable contract. Rejected against patterns: -O, optimized mode, clean code, no violation, nothing to report, looks (good|correct|fine|right|ok), no issues found, appears correct, everything (looks|seems|is)",
slop / review	UNKNOWN STEP	2026-08-23T19:28:45.4480851Z             "validator": "_no_empty_invariant"
slop / review	UNKNOWN STEP	2026-08-23T19:28:45.4481115Z           }
slop / review	UNKNOWN STEP	2026-08-23T19:28:45.4481287Z         },
slop / review	UNKNOWN STEP	2026-08-23T19:28:45.4481472Z         "proof_command": {
slop / review	UNKNOWN STEP	2026-08-23T19:28:45.4482300Z           "description": "Shell command or code path that reproduces the slop pattern. Must be reproducible by another agent. Example: 'rg '2>/dev/null' quality-control/', 'probe search 'Optional.*Field' -- src/db/service.py'",
slop / review	UNKNOWN STEP	2026-08-23T19:28:45.4483145Z           "minLength": 10,
slop / review	UNKNOWN STEP	2026-08-23T19:28:45.4483373Z           "title": "Proof Command",
slop / review	UNKNOWN STEP	2026-08-23T19:28:45.4483626Z           "type": "string"
slop / review	UNKNOWN STEP	2026-08-23T19:28:45.4483830Z         },
slop / review	UNKNOWN STEP	2026-08-23T19:28:45.4484011Z         "pattern": {
slop / review	UNKNOWN STEP	2026-08-23T19:28:45.4485147Z           "description": "Structural pattern name. Ground it in the actual code construct (is there a 2>/dev/null it's runtime-default? a mock without assertion? a try/except ImportError? a boolean mode flag?). See bridge-burning-red-flags.md and runtime-control-flow-red-flags.md for the full pattern inventory.",
slop / review	UNKNOWN STEP	2026-08-23T19:28:45.4486584Z           "title": "Pattern",
slop / review	UNKNOWN STEP	2026-08-23T19:28:45.4486827Z           "type": "string"
slop / review	UNKNOWN STEP	2026-08-23T19:28:45.4487034Z         },
slop / review	UNKNOWN STEP	2026-08-23T19:28:45.4487215Z         "task_narrative": {
slop / review	UNKNOWN STEP	2026-08-23T19:28:45.4487762Z           "description": "What the agent was supposed to build \u2014 capsulizes the task context so the reader understands the assigned goal.",
slop / review	UNKNOWN STEP	2026-08-23T19:28:45.4488345Z           "title": "Task Narrative",
slop / review	UNKNOWN STEP	2026-08-23T19:28:45.4488595Z           "type": "string"
slop / review	UNKNOWN STEP	2026-08-23T19:28:45.4488813Z         },
slop / review	UNKNOWN STEP	2026-08-23T19:28:45.4489005Z         "slop_narrative": {
slop / review	UNKNOWN STEP	2026-08-23T19:28:45.4489507Z           "description": "What the agent actually produced \u2014 the bridge-burning substitution. Contrast with task_narrative.",
slop / review	UNKNOWN STEP	2026-08-23T19:28:45.4490051Z           "title": "Slop Narrative",
slop / review	UNKNOWN STEP	2026-08-23T19:28:45.4490297Z           "type": "string"
slop / review	UNKNOWN STEP	2026-08-23T19:28:45.4490501Z         },
slop / review	UNKNOWN STEP	2026-08-23T19:28:45.4490682Z         "why_it_matters": {
slop / review	UNKNOWN STEP	2026-08-23T19:28:45.4491267Z           "description": "Concrete consequence of this slop pattern: silent data loss, masked failure, untestable branch, non-deterministic behavior, etc.",
slop / review	UNKNOWN STEP	2026-08-23T19:28:45.4491898Z           "title": "Why It Matters",
slop / review	UNKNOWN STEP	2026-08-23T19:28:45.4492146Z           "type": "string"
slop / review	UNKNOWN STEP	2026-08-23T19:28:45.4492348Z         },
slop / review	UNKNOWN STEP	2026-08-23T19:28:45.4492529Z         "user_surprise": {
slop / review	UNKNOWN STEP	2026-08-23T19:28:45.4493410Z           "description": "What the user would observe that would trigger a 'why did this happen' reaction. Epistemic: describe the observable surprise, not the hypothetical.",
slop / review	UNKNOWN STEP	2026-08-23T19:28:45.4494141Z           "title": "User Surprise",
slop / review	UNKNOWN STEP	2026-08-23T19:28:45.4494387Z           "type": "string"
slop / review	UNKNOWN STEP	2026-08-23T19:28:45.4494590Z         },
slop / review	UNKNOWN STEP	2026-08-23T19:28:45.4494787Z         "existential_justification": {
slop / review	UNKNOWN STEP	2026-08-23T19:28:45.4495559Z           "description": "Why this finding exists. The agent's rationalization for the bridge-burning choice (e.g., 'defensive coding', 'graceful degradation', 'backward compatibility', 'just in case').",
slop / review	UNKNOWN STEP	2026-08-23T19:28:45.4496586Z           "title": "Existential Justification",
slop / review	UNKNOWN STEP	2026-08-23T19:28:45.4496867Z           "type": "string"
slop / review	UNKNOWN STEP	2026-08-23T19:28:45.4497078Z         },
slop / review	UNKNOWN STEP	2026-08-23T19:28:45.4497259Z         "failure_mode": {
slop / review	UNKNOWN STEP	2026-08-23T19:28:45.4498265Z           "description": "Which LLM failure mode this slop exploits. See the llm-failure-modes skill for the full catalog. Use the documented numbered labels (e.g. asymmetric-risk-model (#20), false-binary (#7), reward-hacking (#13), epistemic-bottleneck (#4)), not invented names.",
slop / review	UNKNOWN STEP	2026-08-23T19:28:45.4499603Z           "title": "Failure Mode",
slop / review	UNKNOWN STEP	2026-08-23T19:28:45.4499857Z           "type": "string"
slop / review	UNKNOWN STEP	2026-08-23T19:28:45.4500067Z         },
slop / review	UNKNOWN STEP	2026-08-23T19:28:45.4500251Z         "evidence": {
slop / review	UNKNOWN STEP	2026-08-23T19:28:45.4500901Z           "description": "Supporting evidence proving the slop pattern. At least one item required. Should include file-read or diff-snippet showing the offending construct.",
slop / review	UNKNOWN STEP	2026-08-23T19:28:45.4501586Z           "items": {
slop / review	UNKNOWN STEP	2026-08-23T19:28:45.4501800Z             "$ref": "#/$defs/Evidence"
slop / review	UNKNOWN STEP	2026-08-23T19:28:45.4502042Z           },
slop / review	UNKNOWN STEP	2026-08-23T19:28:45.4502231Z           "minItems": 1,
slop / review	UNKNOWN STEP	2026-08-23T19:28:45.4502457Z           "title": "Evidence",
slop / review	UNKNOWN STEP	2026-08-23T19:28:45.4502685Z           "type": "array"
slop / review	UNKNOWN STEP	2026-08-23T19:28:45.4502892Z         }
slop / review	UNKNOWN STEP	2026-08-23T19:28:45.4503063Z       },
slop / review	UNKNOWN STEP	2026-08-23T19:28:45.4503241Z       "required": [
slop / review	UNKNOWN STEP	2026-08-23T19:28:45.4503434Z         "tier",
slop / review	UNKNOWN STEP	2026-08-23T19:28:45.4503629Z         "label",
slop / review	UNKNOWN STEP	2026-08-23T19:28:45.4503994Z         "category",
slop / review	UNKNOWN STEP	2026-08-23T19:28:45.4504322Z         "policy_code",
slop / review	UNKNOWN STEP	2026-08-23T19:28:45.4504533Z         "location",
slop / review	UNKNOWN STEP	2026-08-23T19:28:45.4504736Z         "violated_invariant",
slop / review	UNKNOWN STEP	2026-08-23T19:28:45.4504967Z         "proof_command",
slop / review	UNKNOWN STEP	2026-08-23T19:28:45.4505181Z         "pattern",
slop / review	UNKNOWN STEP	2026-08-23T19:28:45.4505378Z         "task_narrative",
slop / review	UNKNOWN STEP	2026-08-23T19:28:45.4505592Z         "slop_narrative",
slop / review	UNKNOWN STEP	2026-08-23T19:28:45.4505803Z         "why_it_matters",
slop / review	UNKNOWN STEP	2026-08-23T19:28:45.4506252Z         "user_surprise",
slop / review	UNKNOWN STEP	2026-08-23T19:28:45.4506502Z         "existential_justification",
slop / review	UNKNOWN STEP	2026-08-23T19:28:45.4506756Z         "failure_mode",
slop / review	UNKNOWN STEP	2026-08-23T19:28:45.4506970Z         "evidence"
slop / review	UNKNOWN STEP	2026-08-23T19:28:45.4507153Z       ],
slop / review	UNKNOWN STEP	2026-08-23T19:28:45.4507342Z       "title": "SlopFinding",
slop / review	UNKNOWN STEP	2026-08-23T19:28:45.4507570Z       "type": "object",
slop / review	UNKNOWN STEP	2026-08-23T19:28:45.4507793Z       "x-custom-validation": {
slop / review	UNKNOWN STEP	2026-08-23T19:28:45.4508334Z Now I have a thorough understanding of the codebase. Let me check a few more specific areas related to the open review findings.
slop / review	UNKNOWN STEP	2026-08-23T19:28:45.4509001Z Now I have enough information to write my review. Let me create the report.
slop / review	UNKNOWN STEP	2026-08-23T19:28:45.4509544Z The review report has been submitted with 7 findings (6 Tier 1 SLOP, 1 Tier 2 SLOP SUSPECT):
slop / review	UNKNOWN STEP	2026-08-23T19:28:45.4509897Z 
slop / review	UNKNOWN STEP	2026-08-23T19:28:45.4509984Z **Summary of findings:**
slop / review	UNKNOWN STEP	2026-08-23T19:28:45.4510159Z 
slop / review	UNKNOWN STEP	2026-08-23T19:28:45.4510724Z 1. **SLOP** (runtime-control-flow) - `sets.py:176-178`: `assert False` used as abstract method marker in `SetObject.membership()`. Stripped in `python -O` mode, becomes silent pass.
slop / review	UNKNOWN STEP	2026-08-23T19:28:45.4511371Z 
slop / review	UNKNOWN STEP	2026-08-23T19:28:45.4511986Z 2. **SLOP** (defaults-and-fallbacks) - `sets.py:180-186`: `__contains__` asserts `membership()` never returns `Unknown`, but type signature `Decision = bool | Unknown` allows it. Unjustified optionality.
slop / review	UNKNOWN STEP	2026-08-23T19:28:45.4512697Z 
slop / review	UNKNOWN STEP	2026-08-23T19:28:45.4513300Z 3. **SLOP** (defaults-and-fallbacks) - `sets.py:592-597`: `SetSubset` characteristic function asserts predicate never returns `Unknown`, but `MembershipPredicate` type allows it. Same pattern.
slop / review	UNKNOWN STEP	2026-08-23T19:28:45.4513993Z 
slop / review	UNKNOWN STEP	2026-08-23T19:28:45.4514490Z 4. **SLOP** (runtime-control-flow) - `compiler.py:314-334`: Method resolution uses assertions for branch control (lines 314, 320, 334) instead of proper error handling.
slop / review	UNKNOWN STEP	2026-08-23T19:28:45.4515086Z 
slop / review	UNKNOWN STEP	2026-08-23T19:28:45.4515586Z 5. **SLOP** (proof-laundering) - `test_sets.sage:43-45`: Test uses `SageInteger.is_prime()` helper directly instead of proving owned `Sets` category subobject construction.
slop / review	UNKNOWN STEP	2026-08-23T19:28:45.4516479Z 
slop / review	UNKNOWN STEP	2026-08-23T19:28:45.4517191Z 6. **SLOP SUSPECT** (proof-laundering) - `test_sets.sage:134-234`: Acceptance criteria require "arbitrary small diagrams" but tests only exercise discrete categories, not general diagram shapes (cospans, parallel arrows, etc.).
slop / review	UNKNOWN STEP	2026-08-23T19:28:45.4517986Z 
slop / review	UNKNOWN STEP	2026-08-23T19:28:45.4518486Z 7. **SLOP** (defaults-and-fallbacks) - `sets.py:171`: `SetObject` defaults cardinality to `UnknownCardinality()`, a runtime fallback for mathematically required data.
slop / review	UNKNOWN STEP	2026-08-23T19:28:45.4519525Z         "_tier_category_consistency": {
slop / review	UNKNOWN STEP	2026-08-23T19:28:45.4519920Z           "rule": "Low-signal categories (see LOW_SIGNAL_CATEGORIES) require tier2",
slop / review	UNKNOWN STEP	2026-08-23T19:28:45.4520348Z           "validator": "_tier_category_consistency"
slop / review	UNKNOWN STEP	2026-08-23T19:28:45.4520626Z         }
slop / review	UNKNOWN STEP	2026-08-23T19:28:45.4520802Z       }
slop / review	UNKNOWN STEP	2026-08-23T19:28:45.4520972Z     }
slop / review	UNKNOWN STEP	2026-08-23T19:28:45.4521141Z   },
slop / review	UNKNOWN STEP	2026-08-23T19:28:45.4521337Z   "additionalProperties": false,
slop / review	UNKNOWN STEP	2026-08-23T19:28:45.4521585Z   "properties": {
slop / review	UNKNOWN STEP	2026-08-23T19:28:45.4521794Z     "schema_version": {
slop / review	UNKNOWN STEP	2026-08-23T19:28:45.4522006Z       "const": 1,
slop / review	UNKNOWN STEP	2026-08-23T19:28:45.4522506Z       "description": "Report format version. Always 1. Stamped by validate-report when absent \u2014 omit it or set it to exactly 1.",
slop / review	UNKNOWN STEP	2026-08-23T19:28:45.4523085Z       "title": "Schema Version",
slop / review	UNKNOWN STEP	2026-08-23T19:28:45.4523320Z       "type": "integer"
slop / review	UNKNOWN STEP	2026-08-23T19:28:45.4523523Z     },
slop / review	UNKNOWN STEP	2026-08-23T19:28:45.4523703Z     "report_type": {
slop / review	UNKNOWN STEP	2026-08-23T19:28:45.4523910Z       "const": "slop",
slop / review	UNKNOWN STEP	2026-08-23T19:28:45.4524398Z       "description": "Must be 'slop'. Stamped by validate-report when absent. Selects the SlopFinding model for validation.",
slop / review	UNKNOWN STEP	2026-08-23T19:28:45.4524934Z       "title": "Report Type",
slop / review	UNKNOWN STEP	2026-08-23T19:28:45.4525163Z       "type": "string"
slop / review	UNKNOWN STEP	2026-08-23T19:28:45.4525358Z     },
slop / review	UNKNOWN STEP	2026-08-23T19:28:45.4525536Z     "review_scope": {
slop / review	UNKNOWN STEP	2026-08-23T19:28:45.4526165Z       "description": "Files examined during review, relative to repo root. All must exist in the reviewed checkout.",
slop / review	UNKNOWN STEP	2026-08-23T19:28:45.4526662Z       "items": {
slop / review	UNKNOWN STEP	2026-08-23T19:28:45.4526862Z         "format": "path",
slop / review	UNKNOWN STEP	2026-08-23T19:28:45.4527085Z         "type": "string"
slop / review	UNKNOWN STEP	2026-08-23T19:28:45.4527290Z       },
slop / review	UNKNOWN STEP	2026-08-23T19:28:45.4527469Z       "minItems": 1,
slop / review	UNKNOWN STEP	2026-08-23T19:28:45.4527675Z       "title": "Review Scope",
slop / review	UNKNOWN STEP	2026-08-23T19:28:45.4527903Z       "type": "array"
slop / review	UNKNOWN STEP	2026-08-23T19:28:45.4528100Z     },
slop / review	UNKNOWN STEP	2026-08-23T19:28:45.4528277Z     "findings": {
slop / review	UNKNOWN STEP	2026-08-23T19:28:45.4529058Z       "description": "Slop review findings. An empty list is a valid, honest report \u2014 never invent slop to fill it. Any non-empty list must contain at least one substantive finding (Tier 1 or non-low-signal category).",
slop / review	UNKNOWN STEP	2026-08-23T19:28:45.4529892Z       "items": {
slop / review	UNKNOWN STEP	2026-08-23T19:28:45.4530101Z         "$ref": "#/$defs/SlopFinding"
slop / review	UNKNOWN STEP	2026-08-23T19:28:45.4530342Z       },
slop / review	UNKNOWN STEP	2026-08-23T19:28:45.4530524Z       "title": "Findings",
slop / review	UNKNOWN STEP	2026-08-23T19:28:45.4530741Z       "type": "array"
slop / review	UNKNOWN STEP	2026-08-23T19:28:45.4530933Z     }
slop / review	UNKNOWN STEP	2026-08-23T19:28:45.4531100Z   },
slop / review	UNKNOWN STEP	2026-08-23T19:28:45.4531271Z   "required": [
slop / review	UNKNOWN STEP	2026-08-23T19:28:45.4531464Z     "schema_version",
slop / review	UNKNOWN STEP	2026-08-23T19:28:45.4531665Z     "report_type",
slop / review	UNKNOWN STEP	2026-08-23T19:28:45.4531867Z     "review_scope",
slop / review	UNKNOWN STEP	2026-08-23T19:28:45.4532063Z     "findings"
slop / review	UNKNOWN STEP	2026-08-23T19:28:45.4532250Z   ],
slop / review	UNKNOWN STEP	2026-08-23T19:28:45.4532430Z   "title": "SlopReport",
slop / review	UNKNOWN STEP	2026-08-23T19:28:45.4532645Z   "type": "object",
slop / review	UNKNOWN STEP	2026-08-23T19:28:45.4532852Z   "x-custom-validation": {
slop / review	UNKNOWN STEP	2026-08-23T19:28:45.4533077Z     "_check_paths": {
slop / review	UNKNOWN STEP	2026-08-23T19:28:45.4533350Z       "rule": "Every path must exist in the reviewed checkout",
slop / review	UNKNOWN STEP	2026-08-23T19:28:45.4533687Z       "validator": "_check_paths"
slop / review	UNKNOWN STEP	2026-08-23T19:28:45.4533918Z     },
slop / review	UNKNOWN STEP	2026-08-23T19:28:45.4534113Z     "_require_substantive_finding": {
slop / review	UNKNOWN STEP	2026-08-23T19:28:45.4534553Z       "rule": "A non-empty findings list must contain at least one Tier 1 or non-low-signal finding",
slop / review	UNKNOWN STEP	2026-08-23T19:28:45.4535025Z       "validator": "_require_substantive_finding"
slop / review	UNKNOWN STEP	2026-08-23T19:28:45.4535298Z     }
slop / review	UNKNOWN STEP	2026-08-23T19:28:45.4535465Z   }
slop / review	UNKNOWN STEP	2026-08-23T19:28:45.4535633Z }
slop / review	UNKNOWN STEP	2026-08-23T19:28:45.4536124Z ^[[0m
slop / review	UNKNOWN STEP	2026-08-23T19:28:45.4536486Z ^[[0m← ^[[0mWrite .agents/review-runner/candidates/submitted.json
slop / review	UNKNOWN STEP	2026-08-23T19:28:45.4536844Z Wrote file successfully.
slop / review	UNKNOWN STEP	2026-08-23T19:28:45.4537074Z ^[[0m
slop / review	UNKNOWN STEP	2026-08-23T19:28:45.4537320Z ^[[0m$ ^[[0m/home/reviewer/bin/submit-candidate
slop / review	UNKNOWN STEP	2026-08-23T19:28:45.4537617Z No entry for terminal type "unknown";
slop / review	UNKNOWN STEP	2026-08-23T19:28:45.4537888Z using dumb terminal settings.
slop / review	UNKNOWN STEP	2026-08-23T19:28:45.4538142Z Report validation PASSED
slop / review	UNKNOWN STEP	2026-08-23T19:28:45.4538389Z No entry for terminal type "unknown";
slop / review	UNKNOWN STEP	2026-08-23T19:28:45.4538938Z using dumb terminal settings.
slop / review	UNKNOWN STEP	2026-08-23T19:28:45.4544970Z {"report_type": "slop", "finding_count": 7, "tier1_count": 6, "tier2_count": 1, "findings": [{"fingerprint": "9e3fc935748e2f1730110f9f457a5dd3d47f60fe4f2495b284e4d65976877a08", "tier": "tier1", "type": "slop", "category": "runtime-control-flow", "label": "SLOP", "path": "src/sage_categories/theories/sets.py", "line": 176, "end_line": 178, "status": "open"}, {"fingerprint": "38be78a631b66cd173654e68c137b273bc41791f1b03a76822add6672273cebb", "tier": "tier1", "type": "slop", "category": "defaults-and-fallbacks", "label": "SLOP", "path": "src/sage_categories/theories/sets.py", "line": 180, "end_line": 186, "status": "open"}, {"fingerprint": "38be78a631b66cd173654e68c137b273bc41791f1b03a76822add6672273cebb", "tier": "tier1", "type": "slop", "category": "defaults-and-fallbacks", "label": "SLOP", "path": "src/sage_categories/theories/sets.py", "line": 592, "end_line": 597, "status": "open"}, {"fingerprint": "1b3794ed4e8a681dd712696d5b86e0d363b20d293a3f643a5c4d476e6e68dccb", "tier": "tier1", "type": "slop", "category": "runtime-control-flow", "label": "SLOP", "path": "src/sage_categories/compiler.py", "line": 314, "end_line": 334, "status": "open"}, {"fingerprint": "b4d6ca65723fd7f9176854dafa1f21ce9b637899f9ec525d2a2bb48cfa357d64", "tier": "tier1", "type": "slop", "category": "proof-laundering", "label": "SLOP", "path": "tests/test_sets.sage", "line": 43, "end_line": 45, "status": "open"}, {"fingerprint": "b4d6ca65723fd7f9176854dafa1f21ce9b637899f9ec525d2a2bb48cfa357d64", "tier": "tier2", "type": "slop", "category": "proof-laundering", "label": "SLOP SUSPECT", "path": "tests/test_sets.sage", "line": 134, "end_line": 234, "status": "open"}, {"fingerprint": "38be78a631b66cd173654e68c137b273bc41791f1b03a76822add6672273cebb", "tier": "tier1", "type": "slop", "category": "defaults-and-fallbacks", "label": "SLOP", "path": "src/sage_categories/theories/sets.py", "line": 171, "end_line": 171, "status": "open"}]}
slop / review	UNKNOWN STEP	2026-08-23T19:28:45.4551683Z Report validated and submitted to /home/reviewer/repo/.review-report-artifact.json
slop / review	UNKNOWN STEP	2026-08-23T19:28:45.4552144Z ^[[0m
slop / review	UNKNOWN STEP	2026-08-23T19:28:45.4552344Z ^[[0m# ^[[0mTodos
slop / review	UNKNOWN STEP	2026-08-23T19:28:45.4552649Z [✓] Analyze slop patterns in compiler.py and sets.py
slop / review	UNKNOWN STEP	2026-08-23T19:28:45.4553083Z [✓] Verify issue #4 acceptance criteria against implementation
slop / review	UNKNOWN STEP	2026-08-23T19:28:45.4553471Z [✓] Check for proof-laundering in tests
slop / review	UNKNOWN STEP	2026-08-23T19:28:45.4553797Z [✓] Write review report with findings
slop / review	UNKNOWN STEP	2026-08-23T19:28:45.4554057Z ^[[0m
slop / review	UNKNOWN STEP	2026-08-23T19:28:45.4554254Z --- Report artifact submitted ---
slop / review	UNKNOWN STEP	2026-08-23T19:28:45.4788659Z ##[group]Run just -f "$INFRA/ci/runner.just" collect-output
slop / review	UNKNOWN STEP	2026-08-23T19:28:45.4789142Z ^[[36;1mjust -f "$INFRA/ci/runner.just" collect-output^[[0m
slop / review	UNKNOWN STEP	2026-08-23T19:28:45.4827471Z shell: /usr/bin/bash -e {0}
slop / review	UNKNOWN STEP	2026-08-23T19:28:45.4827741Z env:
slop / review	UNKNOWN STEP	2026-08-23T19:28:45.4827943Z   REVIEW_REPORT_TYPE: slop
slop / review	UNKNOWN STEP	2026-08-23T19:28:45.4828184Z   REVIEW_SCOPE: diff
slop / review	UNKNOWN STEP	2026-08-23T19:28:45.4828400Z   REVIEW_INFRA_REF: main
slop / review	UNKNOWN STEP	2026-08-23T19:28:45.4828648Z   REVIEW_PR_NUMBER: 3
slop / review	UNKNOWN STEP	2026-08-23T19:28:45.4828868Z   REVIEW_BASE_REF: main
slop / review	UNKNOWN STEP	2026-08-23T19:28:45.4829088Z   REVIEW_POLICY_PATHS: 
slop / review	UNKNOWN STEP	2026-08-23T19:28:45.4829302Z   REVIEW_FOCUS_PROMPT: 
slop / review	UNKNOWN STEP	2026-08-23T19:28:45.4829511Z   REVIEW_CONTEXT_ARCHIVE: 
slop / review	UNKNOWN STEP	2026-08-23T19:28:45.4829740Z   REVIEW_DELIVERY: sarif
slop / review	UNKNOWN STEP	2026-08-23T19:28:45.4829957Z   REVIEW_PARENT_ISSUE: 0
slop / review	UNKNOWN STEP	2026-08-23T19:28:45.4830204Z   INFRA: /home/runner/work/_temp/ai-review-ci
slop / review	UNKNOWN STEP	2026-08-23T19:28:45.4830551Z   pythonLocation: /opt/hostedtoolcache/Python/3.14.7/x64
slop / review	UNKNOWN STEP	2026-08-23T19:28:45.4830998Z   PKG_CONFIG_PATH: /opt/hostedtoolcache/Python/3.14.7/x64/lib/pkgconfig
slop / review	UNKNOWN STEP	2026-08-23T19:28:45.4831415Z   Python_ROOT_DIR: /opt/hostedtoolcache/Python/3.14.7/x64
slop / review	UNKNOWN STEP	2026-08-23T19:28:45.4831810Z   Python2_ROOT_DIR: /opt/hostedtoolcache/Python/3.14.7/x64
slop / review	UNKNOWN STEP	2026-08-23T19:28:45.4832186Z   Python3_ROOT_DIR: /opt/hostedtoolcache/Python/3.14.7/x64
slop / review	UNKNOWN STEP	2026-08-23T19:28:45.4832573Z   LD_LIBRARY_PATH: /opt/hostedtoolcache/Python/3.14.7/x64/lib
slop / review	UNKNOWN STEP	2026-08-23T19:28:45.4832892Z ##[endgroup]
slop / review	UNKNOWN STEP	2026-08-23T19:28:45.4928616Z cp /home/reviewer/repo/.review-report-artifact.json /home/runner/work/sage-categories/sage-categories/.review-report-artifact.json
slop / review	UNKNOWN STEP	2026-08-23T19:28:45.4989502Z ##[group]Run just -f "$INFRA/ci/runner.just" write-review-state
slop / review	UNKNOWN STEP	2026-08-23T19:28:45.4989970Z ^[[36;1mjust -f "$INFRA/ci/runner.just" write-review-state^[[0m
slop / review	UNKNOWN STEP	2026-08-23T19:28:45.5026915Z shell: /usr/bin/bash -e {0}
slop / review	UNKNOWN STEP	2026-08-23T19:28:45.5027171Z env:
slop / review	UNKNOWN STEP	2026-08-23T19:28:45.5027369Z   REVIEW_REPORT_TYPE: slop
slop / review	UNKNOWN STEP	2026-08-23T19:28:45.5027605Z   REVIEW_SCOPE: diff
slop / review	UNKNOWN STEP	2026-08-23T19:28:45.5027826Z   REVIEW_INFRA_REF: main
slop / review	UNKNOWN STEP	2026-08-23T19:28:45.5028047Z   REVIEW_PR_NUMBER: 3
slop / review	UNKNOWN STEP	2026-08-23T19:28:45.5028263Z   REVIEW_BASE_REF: main
slop / review	UNKNOWN STEP	2026-08-23T19:28:45.5028478Z   REVIEW_POLICY_PATHS: 
slop / review	UNKNOWN STEP	2026-08-23T19:28:45.5028694Z   REVIEW_FOCUS_PROMPT: 
slop / review	UNKNOWN STEP	2026-08-23T19:28:45.5028913Z   REVIEW_CONTEXT_ARCHIVE: 
slop / review	UNKNOWN STEP	2026-08-23T19:28:45.5029138Z   REVIEW_DELIVERY: sarif
slop / review	UNKNOWN STEP	2026-08-23T19:28:45.5029356Z   REVIEW_PARENT_ISSUE: 0
slop / review	UNKNOWN STEP	2026-08-23T19:28:45.5029622Z   INFRA: /home/runner/work/_temp/ai-review-ci
slop / review	UNKNOWN STEP	2026-08-23T19:28:45.5029989Z   pythonLocation: /opt/hostedtoolcache/Python/3.14.7/x64
slop / review	UNKNOWN STEP	2026-08-23T19:28:45.5030434Z   PKG_CONFIG_PATH: /opt/hostedtoolcache/Python/3.14.7/x64/lib/pkgconfig
slop / review	UNKNOWN STEP	2026-08-23T19:28:45.5030848Z   Python_ROOT_DIR: /opt/hostedtoolcache/Python/3.14.7/x64
slop / review	UNKNOWN STEP	2026-08-23T19:28:45.5031215Z   Python2_ROOT_DIR: /opt/hostedtoolcache/Python/3.14.7/x64
slop / review	UNKNOWN STEP	2026-08-23T19:28:45.5031584Z   Python3_ROOT_DIR: /opt/hostedtoolcache/Python/3.14.7/x64
slop / review	UNKNOWN STEP	2026-08-23T19:28:45.5031954Z   LD_LIBRARY_PATH: /opt/hostedtoolcache/Python/3.14.7/x64/lib
slop / review	UNKNOWN STEP	2026-08-23T19:28:45.5032277Z ##[endgroup]
slop / review	UNKNOWN STEP	2026-08-23T19:28:45.5128260Z uv run --project /home/runner/work/_temp/ai-review-ci/ci/.. ai-review-ci report-metadata --path "/home/runner/work/sage-categories/sage-categories/.review-report-artifact.json" > "/home/runner/work/sage-categories/sage-categories/.review-findings.json"
slop / review	UNKNOWN STEP	2026-08-23T19:28:45.9898124Z Node 20 is being deprecated. This workflow is running with Node 24 by default. If you need to temporarily use Node 20, you can set the ACTIONS_ALLOW_USE_UNSECURE_NODE_VERSION=true environment variable. For more information see: https://github.blog/changelog/2025-09-19-deprecation-of-node-20-on-github-actions-runners/
slop / review	UNKNOWN STEP	2026-08-23T19:28:45.9899438Z ##[group]Run actions/upload-artifact@v4
slop / review	UNKNOWN STEP	2026-08-23T19:28:45.9899708Z with:
slop / review	UNKNOWN STEP	2026-08-23T19:28:45.9899914Z   name: ai-slop-review-state
slop / review	UNKNOWN STEP	2026-08-23T19:28:45.9900168Z   path: .review-findings.json
slop / review	UNKNOWN STEP	2026-08-23T19:28:45.9900417Z   if-no-files-found: warn
slop / review	UNKNOWN STEP	2026-08-23T19:28:45.9900647Z   compression-level: 6
slop / review	UNKNOWN STEP	2026-08-23T19:28:45.9900862Z   overwrite: false
slop / review	UNKNOWN STEP	2026-08-23T19:28:45.9901079Z   include-hidden-files: false
slop / review	UNKNOWN STEP	2026-08-23T19:28:45.9901311Z env:
slop / review	UNKNOWN STEP	2026-08-23T19:28:45.9901498Z   REVIEW_REPORT_TYPE: slop
slop / review	UNKNOWN STEP	2026-08-23T19:28:45.9901721Z   REVIEW_SCOPE: diff
slop / review	UNKNOWN STEP	2026-08-23T19:28:45.9901930Z   REVIEW_INFRA_REF: main
slop / review	UNKNOWN STEP	2026-08-23T19:28:45.9902177Z   REVIEW_PR_NUMBER: 3
slop / review	UNKNOWN STEP	2026-08-23T19:28:45.9902387Z   REVIEW_BASE_REF: main
slop / review	UNKNOWN STEP	2026-08-23T19:28:45.9902601Z   REVIEW_POLICY_PATHS: 
slop / review	UNKNOWN STEP	2026-08-23T19:28:45.9902817Z   REVIEW_FOCUS_PROMPT: 
slop / review	UNKNOWN STEP	2026-08-23T19:28:45.9903031Z   REVIEW_CONTEXT_ARCHIVE: 
slop / review	UNKNOWN STEP	2026-08-23T19:28:45.9903256Z   REVIEW_DELIVERY: sarif
slop / review	UNKNOWN STEP	2026-08-23T19:28:45.9903483Z   REVIEW_PARENT_ISSUE: 0
slop / review	UNKNOWN STEP	2026-08-23T19:28:45.9903731Z   INFRA: /home/runner/work/_temp/ai-review-ci
slop / review	UNKNOWN STEP	2026-08-23T19:28:45.9904084Z   pythonLocation: /opt/hostedtoolcache/Python/3.14.7/x64
slop / review	UNKNOWN STEP	2026-08-23T19:28:45.9904521Z   PKG_CONFIG_PATH: /opt/hostedtoolcache/Python/3.14.7/x64/lib/pkgconfig
slop / review	UNKNOWN STEP	2026-08-23T19:28:45.9904937Z   Python_ROOT_DIR: /opt/hostedtoolcache/Python/3.14.7/x64
slop / review	UNKNOWN STEP	2026-08-23T19:28:45.9905310Z   Python2_ROOT_DIR: /opt/hostedtoolcache/Python/3.14.7/x64
slop / review	UNKNOWN STEP	2026-08-23T19:28:45.9905706Z   Python3_ROOT_DIR: /opt/hostedtoolcache/Python/3.14.7/x64
slop / review	UNKNOWN STEP	2026-08-23T19:28:45.9906385Z   LD_LIBRARY_PATH: /opt/hostedtoolcache/Python/3.14.7/x64/lib
slop / review	UNKNOWN STEP	2026-08-23T19:28:45.9906727Z ##[endgroup]
slop / review	UNKNOWN STEP	2026-08-23T19:28:46.1653225Z (node:3077) [DEP0040] DeprecationWarning: The `punycode` module is deprecated. Please use a userland alternative instead.
slop / review	UNKNOWN STEP	2026-08-23T19:28:46.1654943Z (Use `node --trace-deprecation ...` to show where the warning was created)
slop / review	UNKNOWN STEP	2026-08-23T19:28:46.1717314Z ##[warning]No files were found with the provided path: .review-findings.json. No artifacts will be uploaded.
slop / review	UNKNOWN STEP	2026-08-23T19:28:46.1883688Z ##[group]Run just -f "$INFRA/ci/runner.just" convert-sarif "ai-$REVIEW_REPORT_TYPE-review"
slop / review	UNKNOWN STEP	2026-08-23T19:28:46.1884703Z ^[[36;1mjust -f "$INFRA/ci/runner.just" convert-sarif "ai-$REVIEW_REPORT_TYPE-review"^[[0m
slop / review	UNKNOWN STEP	2026-08-23T19:28:46.1933463Z shell: /usr/bin/bash -e {0}
slop / review	UNKNOWN STEP	2026-08-23T19:28:46.1933844Z env:
slop / review	UNKNOWN STEP	2026-08-23T19:28:46.1934148Z   REVIEW_REPORT_TYPE: slop
slop / review	UNKNOWN STEP	2026-08-23T19:28:46.1934519Z   REVIEW_SCOPE: diff
slop / review	UNKNOWN STEP	2026-08-23T19:28:46.1934865Z   REVIEW_INFRA_REF: main
slop / review	UNKNOWN STEP	2026-08-23T19:28:46.1935223Z   REVIEW_PR_NUMBER: 3
slop / review	UNKNOWN STEP	2026-08-23T19:28:46.1935565Z   REVIEW_BASE_REF: main
slop / review	UNKNOWN STEP	2026-08-23T19:28:46.1935915Z   REVIEW_POLICY_PATHS: 
slop / review	UNKNOWN STEP	2026-08-23T19:28:46.1936443Z   REVIEW_FOCUS_PROMPT: 
slop / review	UNKNOWN STEP	2026-08-23T19:28:46.1936798Z   REVIEW_CONTEXT_ARCHIVE: 
slop / review	UNKNOWN STEP	2026-08-23T19:28:46.1937173Z   REVIEW_DELIVERY: sarif
slop / review	UNKNOWN STEP	2026-08-23T19:28:46.1937553Z   REVIEW_PARENT_ISSUE: 0
slop / review	UNKNOWN STEP	2026-08-23T19:28:46.1937957Z   INFRA: /home/runner/work/_temp/ai-review-ci
slop / review	UNKNOWN STEP	2026-08-23T19:28:46.1938520Z   pythonLocation: /opt/hostedtoolcache/Python/3.14.7/x64
slop / review	UNKNOWN STEP	2026-08-23T19:28:46.1939251Z   PKG_CONFIG_PATH: /opt/hostedtoolcache/Python/3.14.7/x64/lib/pkgconfig
slop / review	UNKNOWN STEP	2026-08-23T19:28:46.1939943Z   Python_ROOT_DIR: /opt/hostedtoolcache/Python/3.14.7/x64
slop / review	UNKNOWN STEP	2026-08-23T19:28:46.1940557Z   Python2_ROOT_DIR: /opt/hostedtoolcache/Python/3.14.7/x64
slop / review	UNKNOWN STEP	2026-08-23T19:28:46.1941173Z   Python3_ROOT_DIR: /opt/hostedtoolcache/Python/3.14.7/x64
slop / review	UNKNOWN STEP	2026-08-23T19:28:46.1941796Z   LD_LIBRARY_PATH: /opt/hostedtoolcache/Python/3.14.7/x64/lib
slop / review	UNKNOWN STEP	2026-08-23T19:28:46.1942322Z ##[endgroup]
slop / review	UNKNOWN STEP	2026-08-23T19:28:46.2064724Z uv run --project /home/runner/work/_temp/ai-review-ci/ci/.. ai-review-ci to-sarif --artifact "/home/runner/work/sage-categories/sage-categories/.review-report-artifact.json" --output "/home/runner/work/sage-categories/sage-categories/.review-report.sarif" --carry-forward-alerts "/home/runner/work/sage-categories/sage-categories/.reviewer-alerts.json" --category "ai-slop-review"
slop / review	UNKNOWN STEP	2026-08-23T19:28:46.5781681Z SARIF written to /home/runner/work/sage-categories/sage-categories/.review-report.sarif (11 findings)
slop / review	UNKNOWN STEP	2026-08-23T19:28:46.6290017Z ##[group]Run github/codeql-action/upload-sarif@v4
slop / review	UNKNOWN STEP	2026-08-23T19:28:46.6290562Z with:
slop / review	UNKNOWN STEP	2026-08-23T19:28:46.6290909Z   sarif_file: .review-report.sarif
slop / review	UNKNOWN STEP	2026-08-23T19:28:46.6291360Z   category: ai-slop-review
slop / review	UNKNOWN STEP	2026-08-23T19:28:46.6291898Z   checkout_path: /home/runner/work/sage-categories/sage-categories
slop / review	UNKNOWN STEP	2026-08-23T19:28:46.6296850Z   token: ***
slop / review	UNKNOWN STEP	2026-08-23T19:28:46.6297103Z   matrix: null
slop / review	UNKNOWN STEP	2026-08-23T19:28:46.6297326Z   wait-for-processing: true
slop / review	UNKNOWN STEP	2026-08-23T19:28:46.6297565Z env:
slop / review	UNKNOWN STEP	2026-08-23T19:28:46.6297767Z   REVIEW_REPORT_TYPE: slop
slop / review	UNKNOWN STEP	2026-08-23T19:28:46.6298000Z   REVIEW_SCOPE: diff
slop / review	UNKNOWN STEP	2026-08-23T19:28:46.6298211Z   REVIEW_INFRA_REF: main
slop / review	UNKNOWN STEP	2026-08-23T19:28:46.6298439Z   REVIEW_PR_NUMBER: 3
slop / review	UNKNOWN STEP	2026-08-23T19:28:46.6298649Z   REVIEW_BASE_REF: main
slop / review	UNKNOWN STEP	2026-08-23T19:28:46.6298887Z   REVIEW_POLICY_PATHS: 
slop / review	UNKNOWN STEP	2026-08-23T19:28:46.6299106Z   REVIEW_FOCUS_PROMPT: 
slop / review	UNKNOWN STEP	2026-08-23T19:28:46.6299323Z   REVIEW_CONTEXT_ARCHIVE: 
slop / review	UNKNOWN STEP	2026-08-23T19:28:46.6299553Z   REVIEW_DELIVERY: sarif
slop / review	UNKNOWN STEP	2026-08-23T19:28:46.6299802Z   REVIEW_PARENT_ISSUE: 0
slop / review	UNKNOWN STEP	2026-08-23T19:28:46.6300052Z   INFRA: /home/runner/work/_temp/ai-review-ci
slop / review	UNKNOWN STEP	2026-08-23T19:28:46.6300399Z   pythonLocation: /opt/hostedtoolcache/Python/3.14.7/x64
slop / review	UNKNOWN STEP	2026-08-23T19:28:46.6300817Z   PKG_CONFIG_PATH: /opt/hostedtoolcache/Python/3.14.7/x64/lib/pkgconfig
slop / review	UNKNOWN STEP	2026-08-23T19:28:46.6301232Z   Python_ROOT_DIR: /opt/hostedtoolcache/Python/3.14.7/x64
slop / review	UNKNOWN STEP	2026-08-23T19:28:46.6301599Z   Python2_ROOT_DIR: /opt/hostedtoolcache/Python/3.14.7/x64
slop / review	UNKNOWN STEP	2026-08-23T19:28:46.6301985Z   Python3_ROOT_DIR: /opt/hostedtoolcache/Python/3.14.7/x64
slop / review	UNKNOWN STEP	2026-08-23T19:28:46.6302386Z   LD_LIBRARY_PATH: /opt/hostedtoolcache/Python/3.14.7/x64/lib
slop / review	UNKNOWN STEP	2026-08-23T19:28:46.6302703Z ##[endgroup]
slop / review	UNKNOWN STEP	2026-08-23T19:28:46.8804575Z Job run UUID is cba2b28e-5fb7-4306-8dfd-2d5ae48419a9.
slop / review	UNKNOWN STEP	2026-08-23T19:28:47.2463904Z Post-processing sarif files: [".review-report.sarif"]
slop / review	UNKNOWN STEP	2026-08-23T19:28:47.2469856Z Validating .review-report.sarif
slop / review	UNKNOWN STEP	2026-08-23T19:28:47.2717413Z Adding fingerprints to SARIF file. See https://docs.github.com/en/code-security/reference/code-scanning/sarif-support-for-code-scanning#data-for-preventing-duplicated-alerts for more information.
slop / review	UNKNOWN STEP	2026-08-23T19:28:47.3392514Z ##[group]Uploading code scanning results
slop / review	UNKNOWN STEP	2026-08-23T19:28:47.3616817Z Uploading results
slop / review	UNKNOWN STEP	2026-08-23T19:28:47.7889892Z Successfully uploaded results
slop / review	UNKNOWN STEP	2026-08-23T19:28:47.7891318Z ##[endgroup]
slop / review	UNKNOWN STEP	2026-08-23T19:28:47.7894384Z ##[group]Waiting for processing to finish
slop / review	UNKNOWN STEP	2026-08-23T19:28:52.9334936Z Analysis upload status is complete.
slop / review	UNKNOWN STEP	2026-08-23T19:28:52.9335750Z ##[endgroup]
slop / review	UNKNOWN STEP	2026-08-23T19:28:53.0763745Z ##[group]Run just -f "$INFRA/ci/runner.just" post-threads "$REVIEW_PR_NUMBER"
slop / review	UNKNOWN STEP	2026-08-23T19:28:53.0764698Z ^[[36;1mjust -f "$INFRA/ci/runner.just" post-threads "$REVIEW_PR_NUMBER"^[[0m
slop / review	UNKNOWN STEP	2026-08-23T19:28:53.0820340Z shell: /usr/bin/bash -e {0}
slop / review	UNKNOWN STEP	2026-08-23T19:28:53.0820782Z env:
slop / review	UNKNOWN STEP	2026-08-23T19:28:53.0821124Z   REVIEW_REPORT_TYPE: slop
slop / review	UNKNOWN STEP	2026-08-23T19:28:53.0821536Z   REVIEW_SCOPE: diff
slop / review	UNKNOWN STEP	2026-08-23T19:28:53.0821919Z   REVIEW_INFRA_REF: main
slop / review	UNKNOWN STEP	2026-08-23T19:28:53.0822319Z   REVIEW_PR_NUMBER: 3
slop / review	UNKNOWN STEP	2026-08-23T19:28:53.0822700Z   REVIEW_BASE_REF: main
slop / review	UNKNOWN STEP	2026-08-23T19:28:53.0823104Z   REVIEW_POLICY_PATHS: 
slop / review	UNKNOWN STEP	2026-08-23T19:28:53.0823510Z   REVIEW_FOCUS_PROMPT: 
slop / review	UNKNOWN STEP	2026-08-23T19:28:53.0823911Z   REVIEW_CONTEXT_ARCHIVE: 
slop / review	UNKNOWN STEP	2026-08-23T19:28:53.0824337Z   REVIEW_DELIVERY: sarif
slop / review	UNKNOWN STEP	2026-08-23T19:28:53.0824757Z   REVIEW_PARENT_ISSUE: 0
slop / review	UNKNOWN STEP	2026-08-23T19:28:53.0825224Z   INFRA: /home/runner/work/_temp/ai-review-ci
slop / review	UNKNOWN STEP	2026-08-23T19:28:53.0825845Z   pythonLocation: /opt/hostedtoolcache/Python/3.14.7/x64
slop / review	UNKNOWN STEP	2026-08-23T19:28:53.0826975Z   PKG_CONFIG_PATH: /opt/hostedtoolcache/Python/3.14.7/x64/lib/pkgconfig
slop / review	UNKNOWN STEP	2026-08-23T19:28:53.0827605Z   Python_ROOT_DIR: /opt/hostedtoolcache/Python/3.14.7/x64
slop / review	UNKNOWN STEP	2026-08-23T19:28:53.0827995Z   Python2_ROOT_DIR: /opt/hostedtoolcache/Python/3.14.7/x64
slop / review	UNKNOWN STEP	2026-08-23T19:28:53.0828394Z   Python3_ROOT_DIR: /opt/hostedtoolcache/Python/3.14.7/x64
slop / review	UNKNOWN STEP	2026-08-23T19:28:53.0828795Z   LD_LIBRARY_PATH: /opt/hostedtoolcache/Python/3.14.7/x64/lib
slop / review	UNKNOWN STEP	2026-08-23T19:28:53.0829202Z   CODEQL_ACTION_JOB_RUN_UUID: cba2b28e-5fb7-4306-8dfd-2d5ae48419a9
slop / review	UNKNOWN STEP	2026-08-23T19:28:53.0829579Z   CODEQL_ACTION_FEATURE_MULTI_LANGUAGE: false
slop / review	UNKNOWN STEP	2026-08-23T19:28:53.0829875Z   CODEQL_ACTION_FEATURE_SANDWICH: false
slop / review	UNKNOWN STEP	2026-08-23T19:28:53.0830156Z   CODEQL_ACTION_FEATURE_SARIF_COMBINE: true
slop / review	UNKNOWN STEP	2026-08-23T19:28:53.0830442Z   CODEQL_ACTION_FEATURE_WILL_UPLOAD: true
slop / review	UNKNOWN STEP	2026-08-23T19:28:53.0830716Z   CODEQL_ACTION_VERSION: 4.37.8
slop / review	UNKNOWN STEP	2026-08-23T19:28:53.0831044Z   CODEQL_ACTION_ANALYSIS_KEY: .github/workflows/review-pr.yml:review
slop / review	UNKNOWN STEP	2026-08-23T19:28:53.0831447Z   CODEQL_WORKFLOW_STARTED_AT: 2026-08-23T19:28:46.879Z
slop / review	UNKNOWN STEP	2026-08-23T19:28:53.0831945Z   CODEQL_UPLOAD_SARIF_AI_SLOP_REVIEW_AI_REVIEW_SLOP: CODEQL_UPLOAD_SARIF_AI_SLOP_REVIEW_AI_REVIEW_SLOP
slop / review	UNKNOWN STEP	2026-08-23T19:28:53.0835046Z   GH_TOKEN: ***
slop / review	UNKNOWN STEP	2026-08-23T19:28:53.0835436Z ##[endgroup]
slop / review	UNKNOWN STEP	2026-08-23T19:28:53.0932692Z uv run --project /home/runner/work/_temp/ai-review-ci/ci/.. ai-review-ci post-threads --artifact "/home/runner/work/sage-categories/sage-categories/.review-report-artifact.json" --diff "${RUNNER_TEMP}/reviewer-diff.patch" --repo "${GITHUB_REPOSITORY}" --pr-number "3"
slop / review	UNKNOWN STEP	2026-08-23T19:28:54.8735966Z Posted review to PR #3: 3 thread(s), 4 possible duplicate(s), 0 off-diff.
slop / review	UNKNOWN STEP	2026-08-23T19:28:54.9137924Z ##[group]Run just -f "$INFRA/ci/runner.just" enforce-review-status
slop / review	UNKNOWN STEP	2026-08-23T19:28:54.9138413Z ^[[36;1mjust -f "$INFRA/ci/runner.just" enforce-review-status^[[0m
slop / review	UNKNOWN STEP	2026-08-23T19:28:54.9175187Z shell: /usr/bin/bash -e {0}
slop / review	UNKNOWN STEP	2026-08-23T19:28:54.9175436Z env:
slop / review	UNKNOWN STEP	2026-08-23T19:28:54.9175632Z   REVIEW_REPORT_TYPE: slop
slop / review	UNKNOWN STEP	2026-08-23T19:28:54.9175863Z   REVIEW_SCOPE: diff
slop / review	UNKNOWN STEP	2026-08-23T19:28:54.9176369Z   REVIEW_INFRA_REF: main
slop / review	UNKNOWN STEP	2026-08-23T19:28:54.9176594Z   REVIEW_PR_NUMBER: 3
slop / review	UNKNOWN STEP	2026-08-23T19:28:54.9176810Z   REVIEW_BASE_REF: main
slop / review	UNKNOWN STEP	2026-08-23T19:28:54.9177025Z   REVIEW_POLICY_PATHS: 
slop / review	UNKNOWN STEP	2026-08-23T19:28:54.9177239Z   REVIEW_FOCUS_PROMPT: 
slop / review	UNKNOWN STEP	2026-08-23T19:28:54.9177637Z   REVIEW_CONTEXT_ARCHIVE: 
slop / review	UNKNOWN STEP	2026-08-23T19:28:54.9177864Z   REVIEW_DELIVERY: sarif
slop / review	UNKNOWN STEP	2026-08-23T19:28:54.9178083Z   REVIEW_PARENT_ISSUE: 0
slop / review	UNKNOWN STEP	2026-08-23T19:28:54.9178332Z   INFRA: /home/runner/work/_temp/ai-review-ci
slop / review	UNKNOWN STEP	2026-08-23T19:28:54.9178678Z   pythonLocation: /opt/hostedtoolcache/Python/3.14.7/x64
slop / review	UNKNOWN STEP	2026-08-23T19:28:54.9179116Z   PKG_CONFIG_PATH: /opt/hostedtoolcache/Python/3.14.7/x64/lib/pkgconfig
slop / review	UNKNOWN STEP	2026-08-23T19:28:54.9179529Z   Python_ROOT_DIR: /opt/hostedtoolcache/Python/3.14.7/x64
slop / review	UNKNOWN STEP	2026-08-23T19:28:54.9179909Z   Python2_ROOT_DIR: /opt/hostedtoolcache/Python/3.14.7/x64
slop / review	UNKNOWN STEP	2026-08-23T19:28:54.9180280Z   Python3_ROOT_DIR: /opt/hostedtoolcache/Python/3.14.7/x64
slop / review	UNKNOWN STEP	2026-08-23T19:28:54.9180648Z   LD_LIBRARY_PATH: /opt/hostedtoolcache/Python/3.14.7/x64/lib
slop / review	UNKNOWN STEP	2026-08-23T19:28:54.9181050Z   CODEQL_ACTION_JOB_RUN_UUID: cba2b28e-5fb7-4306-8dfd-2d5ae48419a9
slop / review	UNKNOWN STEP	2026-08-23T19:28:54.9181424Z   CODEQL_ACTION_FEATURE_MULTI_LANGUAGE: false
slop / review	UNKNOWN STEP	2026-08-23T19:28:54.9181721Z   CODEQL_ACTION_FEATURE_SANDWICH: false
slop / review	UNKNOWN STEP	2026-08-23T19:28:54.9182007Z   CODEQL_ACTION_FEATURE_SARIF_COMBINE: true
slop / review	UNKNOWN STEP	2026-08-23T19:28:54.9182293Z   CODEQL_ACTION_FEATURE_WILL_UPLOAD: true
slop / review	UNKNOWN STEP	2026-08-23T19:28:54.9182565Z   CODEQL_ACTION_VERSION: 4.37.8
slop / review	UNKNOWN STEP	2026-08-23T19:28:54.9182895Z   CODEQL_ACTION_ANALYSIS_KEY: .github/workflows/review-pr.yml:review
slop / review	UNKNOWN STEP	2026-08-23T19:28:54.9183294Z   CODEQL_WORKFLOW_STARTED_AT: 2026-08-23T19:28:46.879Z
slop / review	UNKNOWN STEP	2026-08-23T19:28:54.9183785Z   CODEQL_UPLOAD_SARIF_AI_SLOP_REVIEW_AI_REVIEW_SLOP: CODEQL_UPLOAD_SARIF_AI_SLOP_REVIEW_AI_REVIEW_SLOP
slop / review	UNKNOWN STEP	2026-08-23T19:28:54.9184250Z ##[endgroup]
slop / review	UNKNOWN STEP	2026-08-23T19:28:54.9274383Z uv run --project /home/runner/work/_temp/ai-review-ci/ci/.. ai-review-ci enforce-report-status --path "/home/runner/work/sage-categories/sage-categories/.review-report-artifact.json"
slop / review	UNKNOWN STEP	2026-08-23T19:28:55.2709777Z Review report contains 6 actionable tier1 finding(s); thread-resolution owns PR blocking.
slop / review	UNKNOWN STEP	2026-08-23T19:28:55.3251574Z Post job cleanup.
slop / review	UNKNOWN STEP	2026-08-23T19:28:55.5703963Z ##[group]Uploading combined SARIF debug artifact
slop / review	UNKNOWN STEP	2026-08-23T19:28:55.5706790Z ##[endgroup]
slop / review	UNKNOWN STEP	2026-08-23T19:28:55.5863850Z Node 20 is being deprecated. This workflow is running with Node 24 by default. If you need to temporarily use Node 20, you can set the ACTIONS_ALLOW_USE_UNSECURE_NODE_VERSION=true environment variable. For more information see: https://github.blog/changelog/2025-09-19-deprecation-of-node-20-on-github-actions-runners/
slop / review	UNKNOWN STEP	2026-08-23T19:28:55.5865134Z Post job cleanup.
slop / review	UNKNOWN STEP	2026-08-23T19:28:55.7075180Z (node:3150) [DEP0040] DeprecationWarning: The `punycode` module is deprecated. Please use a userland alternative instead.
slop / review	UNKNOWN STEP	2026-08-23T19:28:55.7076728Z (Use `node --trace-deprecation ...` to show where the warning was created)
slop / review	UNKNOWN STEP	2026-08-23T19:28:55.7271142Z Node 20 is being deprecated. This workflow is running with Node 24 by default. If you need to temporarily use Node 20, you can set the ACTIONS_ALLOW_USE_UNSECURE_NODE_VERSION=true environment variable. For more information see: https://github.blog/changelog/2025-09-19-deprecation-of-node-20-on-github-actions-runners/
slop / review	UNKNOWN STEP	2026-08-23T19:28:55.7273261Z Post job cleanup.
slop / review	UNKNOWN STEP	2026-08-23T19:28:55.8168351Z [command]/usr/bin/git version
slop / review	UNKNOWN STEP	2026-08-23T19:28:55.8211991Z git version 2.55.0
slop / review	UNKNOWN STEP	2026-08-23T19:28:55.8283984Z Temporarily overriding HOME='/home/runner/work/_temp/7982776c-d2ed-4dd7-872d-9aa56144d83d' before making global git config changes
slop / review	UNKNOWN STEP	2026-08-23T19:28:55.8285247Z Adding repository directory to the temporary git global config as a safe directory
slop / review	UNKNOWN STEP	2026-08-23T19:28:55.8291523Z [command]/usr/bin/git config --global --add safe.directory /home/runner/work/sage-categories/sage-categories
slop / review	UNKNOWN STEP	2026-08-23T19:28:55.8332878Z [command]/usr/bin/git config --local --name-only --get-regexp core\.sshCommand
slop / review	UNKNOWN STEP	2026-08-23T19:28:55.8374690Z [command]/usr/bin/git submodule foreach --recursive sh -c "git config --local --name-only --get-regexp 'core\.sshCommand' && git config --local --unset-all 'core.sshCommand' || :"
slop / review	UNKNOWN STEP	2026-08-23T19:28:55.8636583Z [command]/usr/bin/git config --local --name-only --get-regexp http\.https\:\/\/github\.com\/\.extraheader
slop / review	UNKNOWN STEP	2026-08-23T19:28:55.8667434Z http.https://github.com/.extraheader
slop / review	UNKNOWN STEP	2026-08-23T19:28:55.8683262Z [command]/usr/bin/git config --local --unset-all http.https://github.com/.extraheader
slop / review	UNKNOWN STEP	2026-08-23T19:28:55.8717382Z [command]/usr/bin/git submodule foreach --recursive sh -c "git config --local --name-only --get-regexp 'http\.https\:\/\/github\.com\/\.extraheader' && git config --local --unset-all 'http.https://github.com/.extraheader' || :"
slop / review	UNKNOWN STEP	2026-08-23T19:28:55.9052926Z [command]/usr/bin/git config --local --name-only --get-regexp ^includeIf\.gitdir:
slop / review	UNKNOWN STEP	2026-08-23T19:28:55.9094835Z [command]/usr/bin/git submodule foreach --recursive git config --local --show-origin --name-only --get-regexp remote.origin.url
slop / review	UNKNOWN STEP	2026-08-23T19:28:55.9481285Z Cleaning up orphan processes
slop / review	UNKNOWN STEP	2026-08-23T19:28:55.9750449Z ##[warning]Node.js 20 is deprecated. The following actions target Node.js 20 but are being forced to run on Node.js 24: actions/checkout@v4, actions/setup-python@v5, actions/upload-artifact@v4. For more information see: https://github.blog/changelog/2025-09-19-deprecation-of-node-20-on-github-actions-runners/
